user_id,cluster,cluster_nome,media_renda,media_gasto,categoria_1,gasto_atual_1,economia_1,recomendacao_1,categoria_2,gasto_atual_2,economia_2,recomendacao_2,economia_total,pct_economia_renda,pct_economia_gasto,taxa_poupanca_atual,taxa_poupanca_projetada,melhoria_poupanca,categoria_3,gasto_atual_3,economia_3,recomendacao_3
user_0001,3,Poupadores,11614.32264520049,3834.969272478125,Transporte,486.08434013839735,72.9126510207596,Otimizar gastos com transporte,Telecomunicacoes,103.29667184019635,20.65933436803927,Revisar planos e assinaturas,93.57198538879886,0.8056602890007246,2.439967017736584,0.6698068936406817,0.6778634965306888,0.008056602890007092,,,,
user_0002,2,Endividados Severos,3615.436,7084.610157099638,Alimentacao_Fora,737.5422187190463,516.2795531033324,Cortar refeições fora de casa,Vestuario,362.1961212246782,325.9765091022104,Suspender compras de vestuário,842.2560622055428,23.296113171566105,11.888530822849866,-0.9595451716195884,-0.7265840399039272,0.23296113171566124,,,,
user_0003,3,Poupadores,6055.769376272927,3473.659978725899,Transporte,491.5894881683409,73.73842322525113,Otimizar gastos com transporte,Telecomunicacoes,102.17739214782793,20.43547842956559,Revisar planos e assinaturas,94.17390165481672,1.5551104377223959,2.7110857778704838,0.4263883310457586,0.4419394354229826,0.015551104377224012,,,,
user_0004,1,Em Alerta,2765.23,3815.7431790442943,Alimentacao_Fora,342.101634301799,205.2609805810794,Reduzir significativamente refeições fora,Lazer,89.536,44.768,Cortar gastos com lazer pela metade,362.00528454301536,13.09132638308623,9.487150144986556,-0.3799008324964991,-0.24898756866563682,0.13091326383086227,Vestuario,279.94075990484,111.976303961936,Reduzir gastos com vestuário
user_0005,3,Poupadores,6475.678303163232,6118.832497148885,Transporte,771.6252685527922,115.74379028291884,Otimizar gastos com transporte,Telecomunicacoes,149.63005110880164,29.92601022176033,Revisar planos e assinaturas,145.66980050467916,2.24949099824064,2.3806796569861177,0.0551055486866967,0.0776004586691032,0.022494909982406504,,,,
user_0006,1,Em Alerta,2178.502,2407.1540905056663,Alimentacao_Fora,195.52249965756405,117.31349979453843,Reduzir significativamente refeições fora,Lazer,66.258,33.129,Cortar gastos com lazer pela metade,193.92455346843002,8.901738601499105,8.056175308149577,-0.1049584028408816,-0.01594101682589061,0.089017386014991,Vestuario,108.70513418472895,43.482053673891585,Reduzir gastos com vestuário
user_0007,1,Em Alerta,4545.685277128111,3868.950083065446,Alimentacao_Fora,441.1665024720305,264.6999014832183,Reduzir significativamente refeições fora,Lazer,90.364,45.182,Cortar gastos com lazer pela metade,369.3289484936471,8.124824442905187,9.5459734699141,0.1488741856959827,0.23012243012503458,0.08124824442905187,Vestuario,148.61761752607197,59.44704701042879,Reduzir gastos com vestuário
user_0008,2,Endividados Severos,4023.312,6049.135772939992,Alimentacao_Fora,740.6491756338138,518.4544229436697,Cortar refeições fora de casa,Vestuario,252.9,227.61,Suspender compras de vestuário,746.0644229436697,18.543538829294615,12.333405149890833,-0.5035214203969245,-0.3180860321039787,0.1854353882929458,,,,
user_0009,1,Em Alerta,2083.7,2276.0647095137824,Alimentacao_Fora,179.802,107.88119999999999,Reduzir significativamente refeições fora,Lazer,87.94379950230784,43.97189975115392,Cortar gastos com lazer pela metade,188.23709975115392,9.033790840867397,8.270287701590238,-0.0923188124556234,-0.0019809040469495032,0.0903379084086739,Vestuario,90.96000000000001,36.38400000000001,Reduzir gastos com vestuário
user_0010,1,Em Alerta,3110.2760000000003,4518.163954199035,Alimentacao_Fora,382.1759833133729,229.30558998802374,Reduzir significativamente refeições fora,Lazer,215.60954700028705,107.80477350014353,Cortar gastos com lazer pela metade,394.06956348816726,12.669922652786031,8.721896050760437,-0.4526569199000458,-0.3259576933721855,0.1266992265278603,Vestuario,142.398,56.9592,Reduzir gastos com vestuário
user_0011,0,Endividados Moderados,1991.772,3799.668684285889,Alimentacao_Fora,513.6288991237823,359.5402293866476,Cortar drasticamente refeições fora,Vestuario,276.59236992770815,193.6146589493957,Cortar significativamente gastos com vestuário,553.1548883360433,27.77199841829503,14.5579768737127,-0.9076825481460168,-0.6299625639630669,0.27771998418294985,,,,
user_0012,1,Em Alerta,2234.46,2866.0445334345995,Alimentacao_Fora,232.10819328695592,139.26491597217355,Reduzir significativamente refeições fora,Lazer,77.71591494544043,38.857957472720216,Cortar gastos com lazer pela metade,225.1996734448938,10.078483098596251,7.857507823684089,-0.2826564509700776,-0.18187161998411505,0.10078483098596253,Vestuario,117.69200000000001,47.076800000000006,Reduzir gastos com vestuário
user_0013,0,Endividados Moderados,3451.132,6661.728861820724,Alimentacao_Fora,837.8912620105284,586.5238834073698,Cortar drasticamente refeições fora,Vestuario,245.49704249010384,171.84792974307268,Cortar significativamente gastos com vestuário,758.3718131504424,21.974581475018702,11.384008999477217,-0.930302538941056,-0.7105567241908688,0.21974581475018717,,,,
user_0014,3,Poupadores,8785.656337926252,4360.00758953444,Transporte,591.0229766326405,88.65344649489607,Otimizar gastos com transporte,Telecomunicacoes,254.79964977263845,50.959929954527695,Revisar planos e assinaturas,139.61337644942375,1.589105822939323,3.2021360876651963,0.5037357003468261,0.5196267585762193,0.015891058229393185,,,,
user_0015,1,Em Alerta,2055.314,2723.0905991581126,Alimentacao_Fora,199.424,119.6544,Reduzir significativamente refeições fora,Lazer,97.33882266658458,48.66941133329229,Cortar gastos com lazer pela metade,215.8278113332923,10.500965367495784,7.925840271345322,-0.3249024719133489,-0.21989281823839105,0.10500965367495788,Vestuario,118.76000000000002,47.50400000000001,Reduzir gastos com vestuário
user_0016,1,Em Alerta,3550.814,5022.978957600431,Alimentacao_Fora,378.0082963921855,226.8049778353113,Reduzir significativamente refeições fora,Lazer,150.02905216822708,75.01452608411354,Cortar gastos com lazer pela metade,376.19630391942485,10.594649675241364,7.489505870817756,-0.4145992883886429,-0.30865279163622955,0.10594649675241335,Vestuario,185.942,74.3768,Reduzir gastos com vestuário
user_0017,1,Em Alerta,3588.402,5228.922572885878,Alimentacao_Fora,360.66999999999996,216.40199999999996,Reduzir significativamente refeições fora,Lazer,210.01887123935012,105.00943561967506,Cortar gastos com lazer pela metade,394.77802883669585,11.001499520864604,7.549892417298028,-0.4571730182086285,-0.3471580229999823,0.11001499520864622,Vestuario,183.41648304255222,73.36659321702089,Reduzir gastos com vestuário
user_0018,1,Em Alerta,3793.058,4763.080667223247,Alimentacao_Fora,338.236,202.9416,Reduzir significativamente refeições fora,Lazer,198.11701350785415,99.05850675392708,Cortar gastos com lazer pela metade,385.92512811591894,10.174511650386545,8.102426876194464,-0.2557363128175858,-0.15399119631372038,0.10174511650386542,Vestuario,209.8125534049797,83.92502136199188,Reduzir gastos com vestuário
user_0019,1,Em Alerta,2651.415543182713,2664.081204186546,Alimentacao_Fora,186.348,111.8088,Reduzir significativamente refeições fora,Lazer,79.374,39.687,Cortar gastos com lazer pela metade,193.0494,7.280993750540772,7.2463782146215,-0.0047769430319586,0.06803299447344924,0.07280993750540783,Vestuario,103.88399999999999,41.553599999999996,Reduzir gastos com vestuário
user_0020,0,Endividados Moderados,2600.452,4068.151141131761,Alimentacao_Fora,337.662,236.36339999999996,Cortar drasticamente refeições fora,Vestuario,357.04878258194765,249.93414780736333,Cortar significativamente gastos com vestuário,486.2975478073633,18.700500828600692,11.95377287954142,-0.5644015506272607,-0.3773965423412535,0.1870050082860072,,,,
user_0021,0,Endividados Moderados,4559.4433889901375,3072.07916910776,Alimentacao_Fora,519.9094157319913,363.9365910123939,Cortar drasticamente refeições fora,Vestuario,105.72999999999999,74.01099999999998,Cortar significativamente gastos com vestuário,437.94759101239384,9.605286295908897,14.255739090851268,0.3262161832020927,0.4222690461611817,0.09605286295908899,,,,
user_0022,0,Endividados Moderados,2648.046,2298.27086588423,Alimentacao_Fora,211.08665554507348,147.76065888155142,Cortar drasticamente refeições fora,Vestuario,102.274,71.59179999999999,Cortar significativamente gastos com vestuário,219.3524588815514,8.283559231280401,9.544238763917777,0.1320880128652485,0.21492360517805262,0.08283559231280413,,,,
user_0023,3,Poupadores,6805.895871075749,7132.842982877308,Transporte,581.900887587946,87.28513313819191,Otimizar gastos com transporte,Telecomunicacoes,252.98841665130604,50.59768333026121,Revisar planos e assinaturas,137.88281646845311,2.0259319137461205,1.9330695600540577,-0.0480388060580012,-0.02777948692053999,0.020259319137461207,,,,
user_0024,3,Poupadores,8629.321938737558,5433.694830820188,Transporte,497.39387280496203,74.6090809207443,Otimizar gastos com transporte,Telecomunicacoes,140.48821053043568,28.097642106087136,Revisar planos e assinaturas,102.70672302683144,1.1902061802303914,1.8901820257603315,0.3703219245502943,0.38222398635259824,0.011902061802303965,,,,
user_0025,1,Em Alerta,3867.536,4745.284290658592,Alimentacao_Fora,311.794,187.07639999999998,Reduzir significativamente refeições fora,Lazer,153.5360956430165,76.76804782150825,Cortar gastos com lazer pela metade,348.3736384366798,9.007637897531653,7.3414703334524445,-0.2269528430138961,-0.13687646403857964,0.09007637897531645,Vestuario,211.32297653792904,84.52919061517161,Reduzir gastos com vestuário
user_0026,3,Poupadores,6219.1376997229245,4012.994270227194,Transporte,326.724,49.008599999999994,Otimizar gastos com transporte,Telecomunicacoes,104.83467632361558,20.96693526472312,Revisar planos e assinaturas,69.9755352647231,1.125164591030693,1.7437237771276826,0.3547346169218954,0.3659862628322025,0.011251645910307084,,,,
user_0027,1,Em Alerta,2244.984,3052.326323816421,Alimentacao_Fora,304.05555049301296,182.43333029580776,Reduzir significativamente refeições fora,Lazer,88.836,44.418,Cortar gastos com lazer pela metade,273.96253029580777,12.203317720563165,8.97553214275149,-0.3596205246079353,-0.23758734740230367,0.12203317720563164,Vestuario,117.77799999999999,47.1112,Reduzir gastos com vestuário
user_0028,0,Endividados Moderados,3826.222,5849.159305956951,Alimentacao_Fora,797.081444393772,557.9570110756404,Cortar drasticamente refeições fora,Vestuario,210.712,147.49839999999998,Cortar significativamente gastos com vestuário,705.4554110756403,18.43738839710922,12.06080009407821,-0.5287035895870524,-0.34432970561596027,0.18437388397109217,,,,
user_0029,2,Endividados Severos,3866.8759999999993,5993.302801492517,Alimentacao_Fora,386.604,270.6228,Cortar refeições fora de casa,Vestuario,255.96173699404244,230.3655632946382,Suspender compras de vestuário,500.9883632946382,12.955894197141008,8.359136521016037,-0.5499081950113005,-0.42034925303989046,0.12955894197141005,,,,
user_0030,1,Em Alerta,3061.493158593659,1739.883661843156,Alimentacao_Fora,126.958,76.17479999999999,Reduzir significativamente refeições fora,Lazer,71.78187514812934,35.89093757406467,Cortar gastos com lazer pela metade,136.38653757406465,4.454902575601893,7.838830869276786,0.4316878817908589,0.4762369075468779,0.044549025756019045,Vestuario,60.802,24.320800000000002,Reduzir gastos com vestuário
user_0031,2,Endividados Severos,2892.838,4724.728634670028,Alimentacao_Fora,434.3690362444927,304.05832537114486,Cortar refeições fora de casa,Vestuario,164.826,148.3434,Suspender compras de vestuário,452.40172537114483,15.638681646574915,9.575189610921225,-0.6332503357153173,-0.4768635192495685,0.1563868164657488,,,,
user_0032,1,Em Alerta,3841.77,4039.089757291945,Alimentacao_Fora,301.368,180.8208,Reduzir significativamente refeições fora,Lazer,123.876,61.938,Cortar gastos com lazer pela metade,332.2212983082806,8.647610302237787,8.225152652488275,-0.0513616789375588,0.03511442408481918,0.08647610302237799,Vestuario,223.65624577070147,89.4624983082806,Reduzir gastos com vestuário
user_0033,2,Endividados Severos,3999.558,5793.753898957376,Alimentacao_Fora,607.7178970245398,425.4025279171778,Cortar refeições fora de casa,Vestuario,208.734,187.8606,Suspender compras de vestuário,613.2631279171778,15.333272524543407,10.584901233508358,-0.448598544878553,-0.295265819633119,0.153332725245434,,,,
user_0034,0,Endividados Moderados,3277.51,4627.222672081531,Alimentacao_Fora,432.7524334173307,302.92670339213146,Cortar drasticamente refeições fora,Vestuario,332.293647609706,232.6055533267942,Cortar significativamente gastos com vestuário,535.5322567189256,16.339607101699936,11.573513847735782,-0.411810390229635,-0.24841431921263543,0.16339607101699957,,,,
user_0035,3,Poupadores,8419.680362324316,6718.291090955712,Transporte,579.0748653350385,86.86122980025577,Otimizar gastos com transporte,Telecomunicacoes,227.17448287588678,45.43489657517736,Revisar planos e assinaturas,132.29612637543312,1.571272550528412,1.969193126411754,0.2020729051641721,0.21778563066945622,0.01571272550528413,,,,
user_0036,3,Poupadores,6916.96822170776,5767.662430134861,Transporte,649.9974136927005,97.49961205390508,Otimizar gastos com transporte,Telecomunicacoes,190.9791768554933,38.19583537109866,Revisar planos e assinaturas,135.69544742500375,1.9617763603300369,2.3526939911743567,0.1661574485720481,0.18577521217534854,0.019617763603300448,,,,
user_0037,1,Em Alerta,3993.042805953653,4663.77740940819,Alimentacao_Fora,339.26787898728446,203.56072739237067,Reduzir significativamente refeições fora,Lazer,176.61906048230983,88.30953024115492,Cortar gastos com lazer pela metade,410.5539934819543,10.281732839673435,8.803035767825197,-0.1679758109415876,-0.06515848254485311,0.10281732839673448,Vestuario,296.70933962107176,118.68373584842871,Reduzir gastos com vestuário
user_0038,2,Endividados Severos,4909.442,7015.322704570268,Alimentacao_Fora,826.1383847749296,578.2968693424507,Cortar refeições fora de casa,Vestuario,240.48600000000002,216.43740000000003,Suspender compras de vestuário,794.7342693424507,16.18787367978786,11.328548989267532,-0.4289450215666603,-0.2670662847687817,0.16187873679787862,,,,
user_0039,2,Endividados Severos,2779.662,4746.0619470032425,Alimentacao_Fora,581.9809765186993,407.3866835630895,Cortar refeições fora de casa,Vestuario,187.60399999999998,168.84359999999998,Suspender compras de vestuário,576.2302835630894,20.73022847968888,12.141229718397009,-0.7074241209914165,-0.5001218361945278,0.20730228479688873,,,,
user_0040,3,Poupadores,8903.48524173935,7167.066159863874,Transporte,627.588,94.1382,Otimizar gastos com transporte,Telecomunicacoes,199.59829173054564,39.91965834610913,Revisar planos e assinaturas,134.05785834610913,1.5056784473303635,1.8704705015399958,0.1950268950562393,0.210083679529543,0.015056784473303692,,,,
user_0041,1,Em Alerta,3975.199492432548,2290.27667187056,Alimentacao_Fora,203.1716215379745,121.90297292278468,Reduzir significativamente refeições fora,Lazer,41.394,20.697,Cortar gastos com lazer pela metade,190.98920716574474,4.804518805391387,8.33913253850489,0.4238586827578135,0.4719038708117272,0.04804518805391367,Vestuario,120.97308560740021,48.389234242960086,Reduzir gastos com vestuário
user_0042,0,Endividados Moderados,3225.74,4701.523303338511,Alimentacao_Fora,373.268,261.28759999999994,Cortar drasticamente refeições fora,Vestuario,246.55459658438207,172.58821760906744,Cortar significativamente gastos com vestuário,433.8758176090674,13.450427424686037,9.228409381720514,-0.4575022485812591,-0.322997974334399,0.13450427424686012,,,,
user_0043,1,Em Alerta,3796.872,3844.500197916285,Alimentacao_Fora,387.2380032036777,232.3428019222066,Reduzir significativamente refeições fora,Lazer,116.04400000000001,58.022000000000006,Cortar gastos com lazer pela metade,351.9920019222066,9.270578568943241,9.155728542112858,-0.0125440620374571,0.080161723651975,0.09270578568943211,Vestuario,154.06799999999998,61.627199999999995,Reduzir gastos com vestuário
user_0044,2,Endividados Severos,3791.268,7368.83237356557,Alimentacao_Fora,709.6044527494464,496.72311692461244,Cortar refeições fora de casa,Vestuario,261.156,235.0404,Suspender compras de vestuário,731.7635169246124,19.301286981680335,9.930521958264233,-0.9436326773959453,-0.7506198075791418,0.19301286981680343,,,,
user_0045,2,Endividados Severos,2876.794,5780.372067738523,Alimentacao_Fora,542.7785215417097,379.9449650791967,Cortar refeições fora de casa,Vestuario,250.13317138462986,225.11985424616688,Suspender compras de vestuário,605.0648193253636,21.032608498396606,10.467575654902186,-1.0,-0.7989843028083203,0.20101569719167967,,,,
user_0046,1,Em Alerta,4780.882568772389,3075.9819684002914,Alimentacao_Fora,231.996,139.1976,Reduzir significativamente refeições fora,Lazer,80.878,40.439,Cortar gastos com lazer pela metade,264.42155168133934,5.53081042836064,8.596329705367408,0.3566079224593616,0.411916026742968,0.055308104283606385,Vestuario,211.9623792033483,84.78495168133932,Reduzir gastos com vestuário
user_0047,2,Endividados Severos,3951.456,7489.535659207047,Alimentacao_Fora,1056.532196375781,739.5725374630467,Cortar refeições fora de casa,Vestuario,238.942,215.04780000000002,Suspender compras de vestuário,954.6203374630468,24.158698400362972,12.746055041336396,-0.8953863232203644,-0.6537993392167342,0.2415869840036302,,,,
user_0048,1,Em Alerta,3450.364,3616.800515838505,Alimentacao_Fora,445.7886892499895,267.47321354999366,Reduzir significativamente refeições fora,Lazer,103.37,51.685,Cortar gastos com lazer pela metade,366.3773893325325,10.618514143218876,10.129875499854407,-0.0482373789659597,0.057947762466228965,0.10618514143218866,Vestuario,118.04793945634711,47.21917578253885,Reduzir gastos com vestuário
user_0049,1,Em Alerta,4389.507587540753,4550.579283884981,Alimentacao_Fora,324.9074991493759,194.94449948962554,Reduzir significativamente refeições fora,Lazer,103.074,51.537,Cortar gastos com lazer pela metade,305.27989948962556,6.9547641370101925,6.708594234820097,-0.0366947073520083,0.03285293401809354,0.06954764137010183,Vestuario,146.996,58.79840000000001,Reduzir gastos com vestuário
user_0050,0,Endividados Moderados,5038.320924731239,4642.418459190292,Alimentacao_Fora,410.5690608700177,287.3983426090124,Cortar drasticamente refeições fora,Vestuario,219.93291568689045,153.95304098082332,Cortar significativamente gastos com vestuário,441.3513835898357,8.759890252790493,9.506928069272195,0.0785782548304156,0.1661771573583206,0.08759890252790499,,,,
user_0051,1,Em Alerta,3200.29,4305.495401935355,Alimentacao_Fora,386.43835555957264,231.86301333574357,Reduzir significativamente refeições fora,Lazer,192.71634449323173,96.35817224661587,Cortar gastos com lazer pela metade,396.63558558235945,12.393738866863924,9.212310049247026,-0.345345391178723,-0.22140800251008377,0.12393738866863921,Vestuario,171.036,68.4144,Reduzir gastos com vestuário
user_0052,2,Endividados Severos,3418.436,6123.210345423244,Alimentacao_Fora,368.7166266101229,258.101638627086,Cortar refeições fora de casa,Vestuario,260.7495576193551,234.67460185741956,Suspender compras de vestuário,492.7762404845056,14.415254241545128,8.047677814184976,-0.7912315296887944,-0.6470789872733431,0.14415254241545128,,,,
user_0053,1,Em Alerta,3905.768,3436.852330819522,Alimentacao_Fora,283.70771459455074,170.22462875673043,Reduzir significativamente refeições fora,Lazer,87.98,43.99,Cortar gastos com lazer pela metade,260.32902875673045,6.665245574154185,7.574635267924201,0.1200572254113601,0.18670968115290212,0.06665245574154202,Vestuario,115.28599999999999,46.114399999999996,Reduzir gastos com vestuário
user_0054,2,Endividados Severos,3436.612,5457.893671189928,Alimentacao_Fora,618.3322638173702,432.8325846721591,Cortar refeições fora de casa,Vestuario,298.7594792258712,268.8835313032841,Suspender compras de vestuário,701.7161159754432,20.418834479290744,12.856903381601706,-0.5881611515032621,-0.3839728067103544,0.2041883447929077,,,,
user_0055,0,Endividados Moderados,2226.12,4887.557711222424,Alimentacao_Fora,691.5261948172227,484.0683363720559,Cortar drasticamente refeições fora,Vestuario,212.47770608001787,148.7343942560125,Cortar significativamente gastos com vestuário,632.8027306280684,28.4262632125882,12.94721756788829,-1.0,-0.911287343267369,0.08871265673263096,,,,
user_0056,3,Poupadores,5358.660991278604,5843.160571960205,Transporte,684.229666990101,102.63445004851515,Otimizar gastos com transporte,Telecomunicacoes,257.2619708388937,51.45239416777875,Revisar planos e assinaturas,154.0868442162939,2.8754728927072506,2.6370462067346954,-0.0904142996674242,-0.061659570740351756,0.028754728927072447,,,,
user_0057,2,Endividados Severos,2705.236,5277.7891298144605,Alimentacao_Fora,436.29070787802027,305.4034955146142,Cortar refeições fora de casa,Vestuario,158.65,142.785,Suspender compras de vestuário,448.18849551461415,16.567445336178217,8.49197428110149,-0.9509533104743766,-0.7852788571125944,0.16567445336178221,,,,
user_0058,0,Endividados Moderados,3869.99,5097.156269699163,Alimentacao_Fora,490.7505460582065,343.52538224074453,Cortar drasticamente refeições fora,Vestuario,204.316,143.0212,Cortar significativamente gastos com vestuário,486.54658224074456,12.572295593547905,9.54545155174261,-0.3170980466872428,-0.19137509075176393,0.12572295593547886,,,,
user_0059,2,Endividados Severos,3894.158,9141.900562063229,Alimentacao_Fora,722.8728522579969,506.0109965805978,Cortar refeições fora de casa,Vestuario,408.2584683947565,367.4326215552809,Suspender compras de vestuário,873.4436181358788,22.42958858207291,9.554289200655578,-1.0,-1.1232977562613922,-0.12329775626139217,,,,
user_0060,1,Em Alerta,2864.9880000000003,3531.5847146132555,Alimentacao_Fora,257.896,154.73760000000001,Reduzir significativamente refeições fora,Lazer,111.67863984864384,55.83931992432192,Cortar gastos com lazer pela metade,263.63931992432197,9.202109046331849,7.465184647374179,-0.2326699848701827,-0.14064889440686426,0.09202109046331844,Vestuario,132.656,53.062400000000004,Reduzir gastos com vestuário
user_0061,1,Em Alerta,3964.24646117996,3239.6360614901905,Alimentacao_Fora,311.8753187989736,187.12519127938415,Reduzir significativamente refeições fora,Lazer,146.30356506245514,73.15178253122757,Cortar gastos com lazer pela metade,302.38923337923006,7.62791204685149,9.334049493205573,0.1827864152205332,0.2590655356890481,0.0762791204685149,Vestuario,105.28064892154585,42.11225956861834,Reduzir gastos com vestuário
user_0062,0,Endividados Moderados,2254.668,2596.9346631375183,Alimentacao_Fora,216.25843117793428,151.380901824554,Cortar drasticamente refeições fora,Vestuario,127.0182523126512,88.91277661885583,Cortar significativamente gastos com vestuário,240.29367844340982,10.657608057745522,9.252973586678383,-0.1518035751327992,-0.04522749455534402,0.10657608057745518,,,,
user_0063,0,Endividados Moderados,2172.34,2787.847653673597,Alimentacao_Fora,289.98034847803365,202.98624393462353,Cortar drasticamente refeições fora,Vestuario,151.2137259003095,105.84960813021664,Cortar significativamente gastos com vestuário,308.8358520648402,14.21673642546011,11.077931452168185,-0.2833385444606263,-0.14117118020602515,0.14216736425460114,,,,
user_0064,2,Endividados Severos,2710.138,7627.928196475128,Alimentacao_Fora,656.6977631892529,459.688434232477,Cortar refeições fora de casa,Vestuario,301.446,271.30140000000006,Suspender compras de vestuário,730.989834232477,26.972421117761424,9.583071777868438,-1.0,-1.5448661146563945,-0.5448661146563945,,,,
user_0065,2,Endividados Severos,3521.394,6905.393992315326,Alimentacao_Fora,459.41999999999996,321.59399999999994,Cortar refeições fora de casa,Vestuario,229.2,206.28,Suspender compras de vestuário,527.8739999999999,14.990483882235273,7.644371929935424,-0.9609830630469992,-0.8110782242246469,0.14990483882235228,,,,
user_0066,1,Em Alerta,2943.476,3332.056995208163,Alimentacao_Fora,322.7196605984264,193.63179635905584,Reduzir significativamente refeições fora,Lazer,129.55668419462722,64.77834209731361,Cortar gastos com lazer pela metade,306.18933845636946,10.402304569711777,9.189198711087503,-0.1320143242914714,-0.027991278594353484,0.1040230456971179,Vestuario,119.44800000000001,47.7792,Reduzir gastos com vestuário
user_0067,2,Endividados Severos,4202.62,6681.713416339354,Alimentacao_Fora,505.8501042930843,354.095073005159,Cortar refeições fora de casa,Vestuario,251.164,226.0476,Suspender compras de vestuário,580.1426730051589,13.804309526085131,8.682543486323246,-0.5898923567534905,-0.45184926149263915,0.13804309526085135,,,,
user_0068,3,Poupadores,6331.121363184159,6333.231784398262,Transporte,576.8840693040648,86.53261039560972,Otimizar gastos com transporte,Telecomunicacoes,290.4609713776039,58.09219427552079,Revisar planos e assinaturas,144.6248046711305,2.2843473750500536,2.283586162556211,-0.0003333408243245,0.022510132926175975,0.022843473750500474,,,,
user_0069,3,Poupadores,8736.975123306423,5439.903470681818,Transporte,599.2871308673318,89.89306963009977,Otimizar gastos com transporte,Telecomunicacoes,243.12106384432605,48.62421276886521,Revisar planos e assinaturas,138.517282398965,1.5854146365766975,2.5463187563069702,0.3773699256427389,0.39322407200850595,0.01585414636576704,,,,
user_0070,2,Endividados Severos,3595.0840000000003,7356.136060985581,Alimentacao_Fora,485.544,339.88079999999997,Cortar refeições fora de casa,Vestuario,234.70450068986185,211.23405062087568,Suspender compras de vestuário,551.1148506208756,15.329679379421329,7.491906702810996,-1.0,-0.8928684866235963,0.1071315133764037,,,,
user_0071,1,Em Alerta,2704.072,3825.246285852239,Alimentacao_Fora,273.174,163.90439999999998,Reduzir significativamente refeições fora,Lazer,134.1019027577161,67.05095137885804,Cortar gastos com lazer pela metade,276.074551378858,10.209585816459695,7.21717062767765,-0.4146244204489519,-0.31252856228435516,0.10209585816459676,Vestuario,112.798,45.119200000000006,Reduzir gastos com vestuário
user_0072,3,Poupadores,6678.218820401124,7229.468546655773,Transporte,933.6823610858879,140.05235416288318,Otimizar gastos com transporte,Telecomunicacoes,204.1526130992234,40.830522619844686,Revisar planos e assinaturas,180.88287678272786,2.708549714336303,2.502021768479803,-0.0825444240567036,-0.055458926913340596,0.02708549714336301,,,,
user_0073,2,Endividados Severos,3811.268,8808.264443302598,Alimentacao_Fora,1003.2775155654557,702.294260895819,Cortar refeições fora de casa,Vestuario,273.81399999999996,246.43259999999998,Suspender compras de vestuário,948.726860895819,24.8926829836112,10.770871685365755,-1.0,-1.062184444233987,-0.062184444233986946,,,,
user_0074,1,Em Alerta,4381.048000000001,4442.794467003468,Alimentacao_Fora,369.226,221.5356,Reduzir significativamente refeições fora,Lazer,150.192,75.096,Cortar gastos com lazer pela metade,368.558,8.412553343400939,8.295634712280116,-0.0140939946340389,0.07003153879997047,0.08412553343400937,Vestuario,179.816,71.9264,Reduzir gastos com vestuário
user_0075,2,Endividados Severos,3226.4880000000003,5807.836804709102,Alimentacao_Fora,373.456,261.4192,Cortar refeições fora de casa,Vestuario,242.42800000000003,218.18520000000004,Suspender compras de vestuário,479.60440000000006,14.864595808197645,8.257883548159066,-0.8000490950870114,-0.6514031370050349,0.14864595808197645,,,,
user_0076,1,Em Alerta,3783.65470666222,4288.106213402023,Alimentacao_Fora,446.59337828319894,267.9560269699194,Reduzir significativamente refeições fora,Lazer,118.74600000000001,59.373000000000005,Cortar gastos com lazer pela metade,397.2719273956766,10.49968768810125,9.264507631691703,-0.1333238748904783,-0.028326998009465715,0.1049968768810126,Vestuario,174.85725106439298,69.9429004257572,Reduzir gastos com vestuário
user_0077,2,Endividados Severos,3952.524,6834.626989357023,Alimentacao_Fora,500.59749850904063,350.4182489563284,Cortar refeições fora de casa,Vestuario,205.238,184.7142,Suspender compras de vestuário,535.1324489563284,13.539005682352048,7.829724281802711,-0.7291803893808164,-0.5937903325572963,0.13539005682352012,,,,
user_0078,1,Em Alerta,3690.722,5187.805643476689,Alimentacao_Fora,364.36199999999997,218.61719999999997,Reduzir significativamente refeições fora,Lazer,133.156,66.578,Cortar gastos com lazer pela metade,376.47857162414624,10.200675413215794,7.256990671914288,-0.4056343564962867,-0.3036276023641288,0.10200675413215793,Vestuario,228.2084290603656,91.28337162414624,Reduzir gastos com vestuário
user_0079,1,Em Alerta,3493.606,5835.629208182659,Alimentacao_Fora,416.524,249.9144,Reduzir significativamente refeições fora,Lazer,140.368,70.184,Cortar gastos com lazer pela metade,411.7256,11.785118298972465,7.055376298115079,-0.6703741658855231,-0.5525229828957983,0.11785118298972486,Vestuario,229.06799999999998,91.6272,Reduzir gastos com vestuário
user_0080,1,Em Alerta,3017.196,3627.445558549304,Alimentacao_Fora,362.39155525916584,217.4349331554995,Reduzir significativamente refeições fora,Lazer,91.226,45.613,Cortar gastos com lazer pela metade,329.6855331554995,10.926884867787825,9.088641795835747,-0.2022571813529197,-0.0929883326750416,0.1092688486778781,Vestuario,166.594,66.6376,Reduzir gastos com vestuário
user_0081,1,Em Alerta,2299.894,3178.9726696382613,Alimentacao_Fora,274.74239092982657,164.84543455789594,Reduzir significativamente refeições fora,Lazer,81.53,40.765,Cortar gastos com lazer pela metade,250.36003455789591,10.885720583552805,7.8755013199400885,-0.3822257328547581,-0.2733685270192303,0.10885720583552777,Vestuario,111.874,44.7496,Reduzir gastos com vestuário
user_0082,3,Poupadores,5977.486344510287,4886.184874378132,Transporte,478.7359104418978,71.81038656628466,Otimizar gastos com transporte,Telecomunicacoes,159.02957141171322,31.805914282342645,Revisar planos e assinaturas,103.6163008486273,1.733442702780715,2.1205972248811937,0.1825686262143291,0.1999030532421363,0.017334427027807214,,,,
user_0083,0,Endividados Moderados,2016.6300000000003,3213.114275121537,Alimentacao_Fora,188.192,131.7344,Cortar drasticamente refeições fora,Vestuario,368.32416750038135,257.82691725026694,Cortar significativamente gastos com vestuário,389.56131725026694,19.317441337789624,12.124104027875935,-0.5933087750958466,-0.4001343617179501,0.19317441337789648,,,,
user_0084,1,Em Alerta,2423.744,3009.1094808077114,Alimentacao_Fora,242.70506369797107,145.62303821878263,Reduzir significativamente refeições fora,Lazer,89.164,44.582,Cortar gastos com lazer pela metade,240.91303821878262,9.939706430166826,8.006124062794692,-0.2415129158886876,-0.14211585158701934,0.09939706430166825,Vestuario,126.77000000000001,50.708000000000006,Reduzir gastos com vestuário
user_0085,0,Endividados Moderados,2271.094,2593.9147062230613,Alimentacao_Fora,274.23508763239965,191.96456134267976,Cortar drasticamente refeições fora,Vestuario,190.83023414368478,133.58116390057933,Cortar significativamente gastos com vestuário,325.5457252432591,14.334313121485023,12.55036352823176,-0.1421432605709236,0.001199870643926586,0.1433431312148502,,,,
user_0086,1,Em Alerta,2044.628,2254.2114527095664,Alimentacao_Fora,214.96971366511147,128.98182819906688,Reduzir significativamente refeições fora,Lazer,55.775999999999996,27.887999999999998,Cortar gastos com lazer pela metade,188.5054644633346,9.21954822409429,8.362368323377591,-0.1025044422308441,-0.010308959989901284,0.09219548224094282,Vestuario,79.08909066066927,31.63563626426771,Reduzir gastos com vestuário
user_0087,1,Em Alerta,2269.438,2868.857030115172,Alimentacao_Fora,234.85,140.91,Reduzir significativamente refeições fora,Lazer,114.22992395405454,57.11496197702727,Cortar gastos com lazer pela metade,248.19936197702725,10.936600249798726,8.651506832568199,-0.2641266384519742,-0.1547606359539872,0.109366002497987,Vestuario,125.43599999999999,50.1744,Reduzir gastos com vestuário
user_0088,2,Endividados Severos,3583.3660000000004,6240.644241713146,Alimentacao_Fora,399.342,279.53939999999994,Cortar refeições fora de casa,Vestuario,344.52809907171746,310.0752891645457,Suspender compras de vestuário,589.6146891645457,16.45421341734407,9.447977906247193,-0.741559260682036,-0.5770171265085954,0.16454213417344066,,,,
user_0089,1,Em Alerta,3600.186,4649.220687033265,Alimentacao_Fora,448.7202955622382,269.23217733734293,Reduzir significativamente refeições fora,Lazer,184.76386737536978,92.38193368768489,Cortar gastos com lazer pela metade,421.2589110250278,11.701031864048907,9.060849965671112,-0.291383469363323,-0.17437315072283396,0.11701031864048902,Vestuario,149.11200000000002,59.64480000000001,Reduzir gastos com vestuário
user_0090,1,Em Alerta,4686.308691475027,3375.974777691196,Alimentacao_Fora,399.26636974358536,239.5598218461512,Reduzir significativamente refeições fora,Lazer,103.042,51.521,Cortar gastos com lazer pela metade,336.8184218461512,7.187286284808027,9.976923526558418,0.2796089630560381,0.3514818259041184,0.07187286284808031,Vestuario,114.34400000000001,45.73760000000001,Reduzir gastos com vestuário
user_0091,1,Em Alerta,3054.262,3386.5710760391244,Alimentacao_Fora,259.1188084855572,155.47128509133432,Reduzir significativamente refeições fora,Lazer,101.33000000000001,50.665000000000006,Cortar gastos com lazer pela metade,260.30580736030686,8.522707199326936,7.686412052652268,-0.1088017583426453,-0.023574686349375835,0.08522707199326947,Vestuario,135.42380567243134,54.16952226897254,Reduzir gastos com vestuário
user_0092,1,Em Alerta,2693.206,3652.510082124651,Alimentacao_Fora,304.06399999999996,182.43839999999997,Reduzir significativamente refeições fora,Lazer,101.236,50.618,Cortar gastos com lazer pela metade,277.0424178270973,10.286714712023414,7.5849870800614685,-0.356194098084087,-0.2533269509638526,0.10286714712023437,Vestuario,109.96504456774343,43.98601782709738,Reduzir gastos com vestuário
user_0093,2,Endividados Severos,3236.056,5801.184850468542,Alimentacao_Fora,428.688,300.0816,Cortar refeições fora de casa,Vestuario,257.84384460572807,232.05946014515527,Suspender compras de vestuário,532.1410601451553,16.44412396278542,9.17297196799678,-0.7926713414318365,-0.628230101803982,0.1644412396278545,,,,
user_0094,3,Poupadores,5661.035063738741,4287.883558223692,Transporte,504.4568578193921,75.6685286729088,Otimizar gastos com transporte,Telecomunicacoes,108.8925231132666,21.778504622653323,Revisar planos e assinaturas,97.44703329556214,1.7213642416693455,2.272613795882339,0.242561914924472,0.2597755573411654,0.01721364241669343,,,,
user_0095,0,Endividados Moderados,2654.92,3906.378908470456,Alimentacao_Fora,446.831516430613,312.7820615014291,Cortar drasticamente refeições fora,Vestuario,146.2400257227664,102.36801800593648,Cortar significativamente gastos com vestuário,415.1500795073656,15.637009006198513,10.627491322133872,-0.4713734909038524,-0.31500340084186723,0.15637009006198516,,,,
user_0096,1,Em Alerta,2300.252,2089.7306643319803,Alimentacao_Fora,230.20853727718924,138.12512236631355,Reduzir significativamente refeições fora,Lazer,54.512,27.256,Cortar gastos com lazer pela metade,200.36566229869777,8.71059615636451,9.588109401780168,0.0915209879908895,0.17862694955453465,0.08710596156364515,Vestuario,87.46134983096056,34.98453993238422,Reduzir gastos com vestuário
user_0097,1,Em Alerta,2810.796,3218.647588296849,Alimentacao_Fora,211.73200000000003,127.03920000000001,Reduzir significativamente refeições fora,Lazer,140.4166678975955,70.20833394879774,Cortar gastos com lazer pela metade,250.52753394879775,8.913045768842625,7.783627348943929,-0.1451018104113031,-0.05597135272287684,0.08913045768842626,Vestuario,133.2,53.28,Reduzir gastos com vestuário
user_0098,2,Endividados Severos,2552.928,4971.9514488044415,Alimentacao_Fora,329.24,230.468,Cortar refeições fora de casa,Vestuario,203.96864140203155,183.5717772618284,Suspender compras de vestuário,414.03977726182836,16.218231664262696,8.327510465963794,-0.9475486378011608,-0.7853663211585338,0.16218231664262706,,,,
user_0099,0,Endividados Moderados,3626.216,4478.902811176074,Alimentacao_Fora,386.1434586945907,270.3004210862135,Cortar drasticamente refeições fora,Vestuario,159.2215557810382,111.45508904672674,Cortar significativamente gastos com vestuário,381.75551013294023,10.52765500270641,8.52341580577183,-0.2351450689026999,-0.12986851887563605,0.10527655002706385,,,,
user_0100,1,Em Alerta,3179.028,2760.807654977828,Alimentacao_Fora,227.92400000000004,136.7544,Reduzir significativamente refeições fora,Lazer,85.15,42.575,Cortar gastos com lazer pela metade,224.50860000000003,7.062177495762858,8.13198991227091,0.1315560432377984,0.202177818195427,0.07062177495762859,Vestuario,112.94800000000001,45.17920000000001,Reduzir gastos com vestuário
user_0101,0,Endividados Moderados,2608.392,4356.972565705548,Alimentacao_Fora,494.7400521765896,346.3180365236127,Cortar drasticamente refeições fora,Vestuario,316.0229158433182,221.2160410903227,Cortar significativamente gastos com vestuário,567.5340776139354,21.75800560705352,13.025881367284478,-0.6703672476014142,-0.452787191530879,0.2175800560705352,,,,
user_0102,2,Endividados Severos,3334.51,5192.80364723376,Alimentacao_Fora,370.394,259.2758,Cortar refeições fora de casa,Vestuario,181.746,163.5714,Suspender compras de vestuário,422.84720000000004,12.680939628311204,8.142946060077843,-0.5572913703164064,-0.4304819740332941,0.12680939628311233,,,,
user_0103,2,Endividados Severos,4136.118,6537.458977615128,Alimentacao_Fora,441.48999999999995,309.04299999999995,Cortar refeições fora de casa,Vestuario,513.8315357811783,462.44838220306053,Suspender compras de vestuário,771.4913822030605,18.652547683674896,11.801089457612191,-0.5805784500382066,-0.3940529732014577,0.18652547683674892,,,,
user_0104,1,Em Alerta,3511.0199999999995,4930.111279051484,Alimentacao_Fora,392.85377873715123,235.71226724229072,Reduzir significativamente refeições fora,Lazer,146.93792504519882,73.46896252259941,Cortar gastos com lazer pela metade,384.23683343295954,10.943738099838782,7.7936746593452915,-0.404182055086979,-0.29474467408859123,0.10943738099838779,Vestuario,187.63900917017352,75.05560366806941,Reduzir gastos com vestuário
user_0105,1,Em Alerta,2310.246,3906.178322779214,Alimentacao_Fora,230.012,138.00719999999998,Reduzir significativamente refeições fora,Lazer,124.93130531354208,62.46565265677104,Cortar gastos com lazer pela metade,268.93515104315,11.640974642663593,6.884866199651757,-0.6908062270334907,-0.5743964806068548,0.11640974642663593,Vestuario,171.15574596594735,68.46229838637895,Reduzir gastos com vestuário
user_0106,1,Em Alerta,3655.9,5389.255357474025,Alimentacao_Fora,434.87336744432616,260.92402046659566,Reduzir significativamente refeições fora,Lazer,174.95130964287944,87.47565482143972,Cortar gastos com lazer pela metade,425.4020752880354,11.636042432452621,7.893522334176866,-0.474125484141805,-0.3577650598172788,0.1163604243245262,Vestuario,192.506,77.00240000000001,Reduzir gastos com vestuário
user_0107,1,Em Alerta,2800.26,3101.807528215835,Alimentacao_Fora,250.902,150.54119999999998,Reduzir significativamente refeições fora,Lazer,116.39801120064885,58.199005600324426,Cortar gastos com lazer pela metade,275.6690793886739,9.844410140082488,8.887368957649,-0.1076855464192023,-0.009241445018377255,0.09844410140082505,Vestuario,167.32218447087368,66.92887378834948,Reduzir gastos com vestuário
user_0108,0,Endividados Moderados,3905.202,5155.8366150948,Alimentacao_Fora,861.8065332552653,603.2645732786857,Cortar drasticamente refeições fora,Vestuario,168.678,118.07459999999999,Cortar significativamente gastos com vestuário,721.3391732786857,18.47123844755497,13.99072986849143,-0.3202483802617125,-0.13553599578616277,0.18471238447554972,,,,
user_0109,1,Em Alerta,4356.106,5504.01460149002,Alimentacao_Fora,378.4180314480094,227.05081886880564,Reduzir significativamente refeições fora,Lazer,132.874,66.437,Cortar gastos com lazer pela metade,398.55333526004625,9.14930296140742,7.241138770819246,-0.2635171415686442,-0.17202411195457,0.09149302961407418,Vestuario,262.66379097810153,105.06551639124062,Reduzir gastos com vestuário
user_0110,1,Em Alerta,4723.465754463587,4837.307154178388,Alimentacao_Fora,430.02,258.012,Reduzir significativamente refeições fora,Lazer,129.744,64.872,Cortar gastos com lazer pela metade,404.02989056412605,8.553674601796898,8.35237204681393,-0.0241012437969352,0.06143550222103369,0.08553674601796889,Vestuario,202.8647264103151,81.14589056412603,Reduzir gastos com vestuário
user_0111,0,Endividados Moderados,4802.021700605318,2417.127924610964,Alimentacao_Fora,256.45414360423473,179.5179005229643,Cortar drasticamente refeições fora,Vestuario,181.0056810347441,126.70397672432087,Cortar significativamente gastos com vestuário,306.2218772472852,6.376936555881962,12.668832051848126,0.4966436898220861,0.5604130553809058,0.06376936555881968,,,,
user_0112,2,Endividados Severos,3289.8720000000003,5682.252836921391,Alimentacao_Fora,426.0455129544445,298.23185906811113,Cortar refeições fora de casa,Vestuario,170.936,153.8424,Suspender compras de vestuário,452.07425906811113,13.741393557807449,7.955898338959555,-0.7271957197487896,-0.5897817841707151,0.13741393557807446,,,,
user_0113,2,Endividados Severos,3833.45,8125.18018495998,Alimentacao_Fora,652.4746583020574,456.73226081144014,Cortar refeições fora de casa,Vestuario,277.946,250.15140000000002,Suspender compras de vestuário,706.8836608114402,18.439882111712432,8.699913660006075,-1.0,-0.9351488930724386,0.06485110692756135,,,,
user_0114,2,Endividados Severos,3463.9300000000003,7009.419012207547,Alimentacao_Fora,528.4399999999999,369.90799999999996,Cortar refeições fora de casa,Vestuario,264.50017062695235,238.05015356425713,Suspender compras de vestuário,607.9581535642571,17.551109680745775,8.673445723610504,-1.0,-0.8480341284735226,0.15196587152647745,,,,
user_0115,2,Endividados Severos,4218.102,6269.495519256697,Alimentacao_Fora,454.32542964449584,318.0278007511471,Cortar refeições fora de casa,Vestuario,219.502,197.55180000000001,Suspender compras de vestuário,515.5796007511472,12.223023548296062,8.223621807648627,-0.4863309420342839,-0.36410070655132326,0.12223023548296064,,,,
user_0116,3,Poupadores,8554.921119392395,7552.657967828869,Transporte,710.162,106.5243,Otimizar gastos com transporte,Telecomunicacoes,299.6032326145382,59.92064652290764,Revisar planos e assinaturas,166.44494652290763,1.945604689979061,2.2037929856203307,0.1171563288049008,0.13661237570469145,0.01945604689979065,,,,
user_0117,0,Endividados Moderados,3843.124,6932.929892722388,Alimentacao_Fora,964.8592071228571,675.401444986,Cortar drasticamente refeições fora,Vestuario,247.69239836657056,173.38467885659938,Cortar significativamente gastos com vestuário,848.7861238425994,22.085837559303304,12.242819947358537,-0.803982877659526,-0.583124502066493,0.220858375593033,,,,
user_0118,1,Em Alerta,3921.7977891185446,2629.6481161687107,Alimentacao_Fora,174.286,104.5716,Reduzir significativamente refeições fora,Lazer,101.96120029106504,50.98060014553252,Cortar gastos com lazer pela metade,219.62468698041027,5.6001022691629565,8.351866001767355,0.3294789130982337,0.3854799357898633,0.0560010226916296,Vestuario,160.1812170871943,64.07248683487772,Reduzir gastos com vestuário
user_0119,1,Em Alerta,3413.474,4956.104011431727,Alimentacao_Fora,316.37,189.822,Reduzir significativamente refeições fora,Lazer,111.146,55.573,Cortar gastos com lazer pela metade,362.80951317213885,10.628746935589339,7.320458011681839,-0.4519237619597299,-0.3456362926038363,0.10628746935589356,Vestuario,293.53628293034717,117.41451317213887,Reduzir gastos com vestuário
user_0120,1,Em Alerta,2638.648,3112.484357913362,Alimentacao_Fora,208.82,125.29199999999999,Reduzir significativamente refeições fora,Lazer,79.87,39.935,Cortar gastos com lazer pela metade,214.47483245255762,8.128209312214347,6.890792299317562,-0.1795754332951428,-0.09829334017299934,0.08128209312214346,Vestuario,123.11958113139414,49.24783245255766,Reduzir gastos com vestuário
user_0121,1,Em Alerta,2479.358,2753.6813577362427,Alimentacao_Fora,193.678,116.20679999999999,Reduzir significativamente refeições fora,Lazer,75.732,37.866,Cortar gastos com lazer pela metade,205.64799999999997,8.294405245228804,7.468111712426302,-0.1106428993861485,-0.027698846933860526,0.08294405245228798,Vestuario,128.93800000000002,51.57520000000001,Reduzir gastos com vestuário
user_0122,3,Poupadores,6340.143342041876,4478.041964941893,Transporte,462.99527275064895,69.44929091259733,Otimizar gastos com transporte,Telecomunicacoes,125.85827062958685,25.17165412591737,Revisar planos e assinaturas,94.6209450385147,1.4924101859192593,2.1129981759727103,0.2937002015005364,0.308624303359729,0.014924101859192629,,,,
user_0123,0,Endividados Moderados,4985.244345038697,2637.7964257982408,Alimentacao_Fora,207.57600000000002,145.3032,Cortar drasticamente refeições fora,Vestuario,247.44471288638192,173.21129902046732,Cortar significativamente gastos com vestuário,318.5144990204673,6.389145184778197,12.075022010998426,0.4708792100785653,0.5347706619263473,0.06389145184778194,,,,
user_0124,0,Endividados Moderados,3029.326,4278.413879781824,Alimentacao_Fora,552.7318855027859,386.9123198519501,Cortar drasticamente refeições fora,Vestuario,162.63,113.841,Cortar significativamente gastos com vestuário,500.7533198519501,16.530189218722253,11.704181360721599,-0.4123319443935133,-0.24703005220629076,0.16530189218722252,,,,
user_0125,0,Endividados Moderados,2695.224,4651.299868384946,Alimentacao_Fora,805.4976086266608,563.8483260386625,Cortar drasticamente refeições fora,Vestuario,201.32027259150797,140.92419081405558,Cortar significativamente gastos com vestuário,704.7725168527181,26.14894037945336,15.152162552302476,-0.7257563261476397,-0.4642669223531061,0.2614894037945336,,,,
user_0126,1,Em Alerta,3460.552,4528.901065863358,Alimentacao_Fora,294.092,176.4552,Reduzir significativamente refeições fora,Lazer,114.72999999999999,57.364999999999995,Cortar gastos com lazer pela metade,318.88833919384126,9.214955856575518,7.041185809896923,-0.3087221535360134,-0.21657259497025805,0.09214955856575535,Vestuario,212.6703479846032,85.06813919384129,Reduzir gastos com vestuário
user_0127,1,Em Alerta,3545.236,4691.573708666665,Alimentacao_Fora,356.7913973501449,214.07483841008693,Reduzir significativamente refeições fora,Lazer,166.75172710370242,83.37586355185121,Cortar gastos com lazer pela metade,366.33630196193815,10.333199312032772,7.808388500541115,-0.3233459517692659,-0.22001395864893816,0.10333199312032773,Vestuario,172.214,68.8856,Reduzir gastos com vestuário
user_0128,2,Endividados Severos,3990.846000000001,5813.053992445695,Alimentacao_Fora,383.694,268.5858,Cortar refeições fora de casa,Vestuario,274.3866183900308,246.94795655102772,Suspender compras de vestuário,515.5337565510277,12.917906542899116,8.868552695725606,-0.4565969201632172,-0.32741785473422585,0.12917906542899132,,,,
user_0129,1,Em Alerta,1966.668,1982.8223338454875,Alimentacao_Fora,179.17134974948607,107.50280984969164,Reduzir significativamente refeições fora,Lazer,111.01846031827642,55.50923015913821,Cortar gastos com lazer pela metade,189.07284692603048,9.613867054634055,9.535541520724271,-0.0082140624881715,0.08792460805816889,0.09613867054634039,Vestuario,65.15201729300155,26.060806917200622,Reduzir gastos com vestuário
user_0130,2,Endividados Severos,3750.308,5365.964646611145,Alimentacao_Fora,402.262,281.5834,Cortar refeições fora de casa,Vestuario,180.53,162.477,Suspender compras de vestuário,444.06039999999996,11.840638155586152,8.275499919300524,-0.4308063888648999,-0.3124000073090385,0.11840638155586142,,,,
user_0131,1,Em Alerta,3283.28,4514.07711012873,Alimentacao_Fora,326.582,195.9492,Reduzir significativamente refeições fora,Lazer,129.898,64.949,Cortar gastos com lazer pela metade,362.71298530239164,11.047275447186705,8.035152622637586,-0.3748681532274828,-0.2643953987556158,0.110472754471867,Vestuario,254.5369632559792,101.81478530239168,Reduzir gastos com vestuário
user_0132,0,Endividados Moderados,2078.742,3908.0826031874376,Alimentacao_Fora,301.64,211.14799999999997,Cortar drasticamente refeições fora,Vestuario,166.98346050829716,116.888422355808,Cortar significativamente gastos com vestuário,328.036422355808,15.780526027559358,8.393794493705457,-0.8800229192403088,-0.7222176589647148,0.15780526027559405,,,,
user_0133,1,Em Alerta,2561.5440000000003,4297.351034597431,Alimentacao_Fora,476.33547918930526,285.80128751358313,Reduzir significativamente refeições fora,Lazer,117.39000000000001,58.69500000000001,Cortar gastos com lazer pela metade,414.0074875135831,16.162419521725297,9.634016029420476,-0.6776409207093185,-0.5160167254920655,0.16162419521725302,Vestuario,173.778,69.5112,Reduzir gastos com vestuário
user_0134,1,Em Alerta,3621.5,3490.8957950948497,Alimentacao_Fora,254.308,152.5848,Reduzir significativamente refeições fora,Lazer,180.64749858191493,90.32374929095747,Cortar gastos com lazer pela metade,290.7893492909575,8.029527800385408,8.329934961093748,0.0360635661756593,0.1163588441795134,0.0802952780038541,Vestuario,119.702,47.8808,Reduzir gastos com vestuário
user_0135,2,Endividados Severos,2649.918,5985.657915128662,Alimentacao_Fora,746.140697375791,522.2984881630537,Cortar refeições fora de casa,Vestuario,208.51999999999998,187.66799999999998,Suspender compras de vestuário,709.9664881630537,26.79201726857411,11.861127017777342,-1.0,-0.9908885584254337,0.009111441574566337,,,,
user_0136,2,Endividados Severos,3827.982,6117.377558121605,Alimentacao_Fora,355.082,248.55739999999997,Cortar refeições fora de casa,Vestuario,179.388,161.44920000000002,Suspender compras de vestuário,410.0066,10.710776591948447,6.702326219111056,-0.598068527522231,-0.4909607616027466,0.10710776591948445,,,,
user_0137,1,Em Alerta,3437.224,3509.0201441289923,Alimentacao_Fora,252.61599999999999,151.56959999999998,Reduzir significativamente refeições fora,Lazer,145.79744696675334,72.89872348337667,Cortar gastos com lazer pela metade,276.23552348337665,8.036587766272337,7.87215553451728,-0.0208878281220521,0.059478049540671325,0.08036587766272343,Vestuario,129.418,51.7672,Reduzir gastos com vestuário
user_0138,1,Em Alerta,3205.778,3907.073958846857,Alimentacao_Fora,346.04,207.624,Reduzir significativamente refeições fora,Lazer,132.64600000000002,66.32300000000001,Cortar gastos com lazer pela metade,333.7158,10.409822514222759,8.541322829181706,-0.2187599886351634,-0.1146617634929359,0.10409822514222751,Vestuario,149.422,59.7688,Reduzir gastos com vestuário
user_0139,2,Endividados Severos,3179.888,8335.461651213685,Alimentacao_Fora,592.4241476270046,414.69690333890316,Cortar refeições fora de casa,Vestuario,257.198,231.4782,Suspender compras de vestuário,646.1751033389031,20.320687500279984,7.752121362646023,-1.0,-1.4180998034757144,-0.4180998034757144,,,,
user_0140,0,Endividados Moderados,2519.592,2803.179318931496,Alimentacao_Fora,462.593511095686,323.81545776698016,Cortar drasticamente refeições fora,Vestuario,137.0678311134582,95.94748177942073,Cortar significativamente gastos com vestuário,419.7629395464009,16.659956832153814,14.974530409506745,-0.1125528732157808,0.05404669510575728,0.16659956832153808,,,,
user_0141,1,Em Alerta,2209.79,2891.593976106268,Alimentacao_Fora,260.70269927828787,156.4216195669727,Reduzir significativamente refeições fora,Lazer,89.67611596600231,44.83805798300116,Cortar gastos com lazer pela metade,271.08429521901263,12.267423384982855,9.374908699458782,-0.3085379045548528,-0.1858636707050243,0.1226742338498285,Vestuario,174.56154417259688,69.82461766903876,Reduzir gastos com vestuário
user_0142,2,Endividados Severos,3671.804,6803.772515349546,Alimentacao_Fora,881.4292015434036,617.0004410803824,Cortar refeições fora de casa,Vestuario,230.61295223112384,207.55165700801146,Suspender compras de vestuário,824.5520980883939,22.45632114591067,12.119042725608123,-0.8529781315531945,-0.6284149200940877,0.22456321145910674,,,,
user_0143,3,Poupadores,8615.688873879415,7127.952586125039,Transporte,541.4015505136679,81.21023257705018,Otimizar gastos com transporte,Telecomunicacoes,229.4904452511199,45.89808905022398,Revisar planos e assinaturas,127.10832162727417,1.4753123457444521,1.783237473755054,0.1726775780245286,0.18743070148197322,0.014753123457444617,,,,
user_0144,0,Endividados Moderados,3868.028,6664.031888094444,Alimentacao_Fora,965.4567344885387,675.8197141419771,Cortar drasticamente refeições fora,Vestuario,344.21704806182765,240.95193364327935,Cortar significativamente gastos com vestuário,916.7716477852564,23.701267100063816,13.757011718732995,-0.7228499607796129,-0.4858372897789747,0.23701267100063822,,,,
user_0145,3,Poupadores,6441.234177659773,3444.824563188359,Transporte,524.9022975480436,78.73534463220655,Otimizar gastos com transporte,Telecomunicacoes,90.03903108833572,18.007806217667145,Revisar planos e assinaturas,96.7431508498737,1.5019350047139939,2.808362198867191,0.4651918455105863,0.48021119555772634,0.015019350047140057,,,,
user_0146,1,Em Alerta,3151.25,3832.8578205536696,Alimentacao_Fora,267.906,160.7436,Reduzir significativamente refeições fora,Lazer,123.35999999999999,61.67999999999999,Cortar gastos com lazer pela metade,281.86839999999995,8.944653708845694,7.354000936024366,-0.2162976027143735,-0.1268510656259166,0.0894465370884569,Vestuario,148.612,59.4448,Reduzir gastos com vestuário
user_0147,3,Poupadores,10315.469000894129,9285.99569188395,Transporte,1152.4811829693406,172.8721774454011,Otimizar gastos com transporte,Telecomunicacoes,250.04222622374883,50.008445244749765,Revisar planos e assinaturas,222.88062269015086,2.1606445879565137,2.4001801216099063,0.0997989823750081,0.12140542825457348,0.02160644587956538,,,,
user_0148,1,Em Alerta,3139.09,3078.5105871035603,Alimentacao_Fora,194.934,116.96039999999999,Reduzir significativamente refeições fora,Lazer,97.39569762462594,48.69784881231297,Cortar gastos com lazer pela metade,214.17143652251727,6.822723672227214,6.9569822959102465,0.0192983995031808,0.08752563622545297,0.06822723672227217,Vestuario,121.28296927551074,48.5131877102043,Reduzir gastos com vestuário
user_0149,1,Em Alerta,1943.302,3229.560054107051,Alimentacao_Fora,248.74090733524582,149.2445444011475,Reduzir significativamente refeições fora,Lazer,84.066,42.033,Cortar gastos com lazer pela metade,279.8638003961529,14.401456922092033,8.665694265082589,-0.6618930326357154,-0.5178784634147953,0.14401456922092015,Vestuario,221.46563998751344,88.58625599500539,Reduzir gastos com vestuário
user_0150,2,Endividados Severos,3651.356,6675.124943647306,Alimentacao_Fora,899.9391445249609,629.9574011674725,Cortar refeições fora de casa,Vestuario,212.598,191.33820000000003,Suspender compras de vestuário,821.2956011674726,22.492893083212717,12.303823645265199,-0.8281221945072753,-0.6031932636751478,0.2249289308321275,,,,
user_0151,2,Endividados Severos,3581.28,7353.451855604932,Alimentacao_Fora,467.526,327.2682,Cortar refeições fora de casa,Vestuario,290.072,261.0648,Suspender compras de vestuário,588.333,16.428008980029485,8.000773127406308,-1.0,-0.8890225996305597,0.11097740036944026,,,,
user_0152,2,Endividados Severos,3655.546,7640.957622740496,Alimentacao_Fora,718.1910547639885,502.73373833479195,Cortar refeições fora de casa,Vestuario,410.0787270194258,369.0708543174832,Suspender compras de vestuário,871.8045926522752,23.84882019409071,11.40962475773547,-1.0,-0.8517488304314106,0.1482511695685894,,,,
user_0153,1,Em Alerta,4268.958482782427,3111.5959144785074,Alimentacao_Fora,269.62982962238755,161.77789777343253,Reduzir significativamente refeições fora,Lazer,97.612,48.806,Cortar gastos com lazer pela metade,266.2002513793302,6.235718910197175,8.55510351265982,0.2711112260687934,0.33346841517076514,0.062357189101971744,Vestuario,139.04088401474422,55.61635360589769,Reduzir gastos com vestuário
user_0154,1,Em Alerta,2044.906,3013.286899575236,Alimentacao_Fora,244.48000000000002,146.68800000000002,Reduzir significativamente refeições fora,Lazer,89.852,44.926,Cortar gastos com lazer pela metade,243.97526330639053,11.930879136077186,8.096648989539702,-0.4735576596553757,-0.35424886829460406,0.11930879136077166,Vestuario,130.90315826597626,52.361263306390505,Reduzir gastos com vestuário
user_0155,2,Endividados Severos,3611.292,5468.158161300799,Alimentacao_Fora,360.116,252.08119999999997,Cortar refeições fora de casa,Vestuario,188.246,169.4214,Suspender compras de vestuário,421.5026,11.67179502515997,7.708310322533361,-0.5141833341919733,-0.3974653839403735,0.11671795025159976,,,,
user_0156,1,Em Alerta,2448.394,3785.249928077939,Alimentacao_Fora,315.044,189.0264,Reduzir significativamente refeições fora,Lazer,134.81,67.405,Cortar gastos com lazer pela metade,325.98093518811146,13.314071803317256,8.611873492687362,-0.5460133982022253,-0.4128726801690527,0.13314071803317257,Vestuario,173.87383797027866,69.54953518811146,Reduzir gastos com vestuário
user_0157,1,Em Alerta,3546.6016885361664,2778.3945971762087,Alimentacao_Fora,182.402,109.4412,Reduzir significativamente refeições fora,Lazer,80.306,40.153,Cortar gastos com lazer pela metade,197.17848598595046,5.559645635519178,7.09684960467281,0.2166037121797654,0.2722001685349572,0.05559645635519181,Vestuario,118.96071496487616,47.584285985950466,Reduzir gastos com vestuário
user_0158,2,Endividados Severos,3901.632,9221.978487226832,Alimentacao_Fora,714.658,500.26059999999995,Cortar refeições fora de casa,Vestuario,739.847758521489,665.8629826693401,Suspender compras de vestuário,1166.12358266934,29.888097664498858,12.64504774419625,-1.0,-1.0647398074850454,-0.06473980748504538,,,,
user_0159,3,Poupadores,6346.181338192214,5244.673242350889,Transporte,522.0150105837174,78.3022515875576,Otimizar gastos com transporte,Telecomunicacoes,233.71272520528368,46.74254504105674,Revisar planos e assinaturas,125.04479662861434,1.9703943200626355,2.3842247333708793,0.1735702207581579,0.19327416395878425,0.01970394320062635,,,,
user_0160,1,Em Alerta,3871.85,5649.169177338675,Alimentacao_Fora,534.0082757251167,320.40496543507004,Reduzir significativamente refeições fora,Lazer,148.08242382928634,74.04121191464317,Cortar gastos com lazer pela metade,475.7525773497132,12.287474394661809,8.421637986310765,-0.4590361654864405,-0.3361614215398225,0.12287474394661801,Vestuario,203.26600000000002,81.30640000000001,Reduzir gastos com vestuário
user_0161,2,Endividados Severos,4139.372,7357.096718476469,Alimentacao_Fora,550.24,385.168,Cortar refeições fora de casa,Vestuario,231.08,207.972,Suspender compras de vestuário,593.14,14.329226752270632,8.062147647323975,-0.7773461091384075,-0.6340538416157012,0.1432922675227063,,,,
user_0162,1,Em Alerta,2534.254,3039.7293796061867,Alimentacao_Fora,244.458,146.6748,Reduzir significativamente refeições fora,Lazer,58.82000000000001,29.410000000000004,Cortar gastos com lazer pela metade,249.69203771845343,9.85268397399998,8.214285106880217,-0.1994572681373638,-0.10093042839736405,0.09852683973999976,Vestuario,184.01809429613363,73.60723771845345,Reduzir gastos com vestuário
user_0163,1,Em Alerta,3721.556,5242.314688730536,Alimentacao_Fora,412.98,247.788,Reduzir significativamente refeições fora,Lazer,177.28757297446958,88.64378648723479,Cortar gastos com lazer pela metade,435.2552184194466,11.695517101434092,8.302729696008516,-0.4086351753757128,-0.2916800043613717,0.11695517101434111,Vestuario,247.05857983052928,98.82343193221172,Reduzir gastos com vestuário
user_0164,3,Poupadores,10467.26238740939,4812.477893895013,Transporte,583.6559342698861,87.54839014048291,Otimizar gastos com transporte,Telecomunicacoes,144.816,28.9632,Revisar planos e assinaturas,116.51159014048291,1.113104705205724,2.4210311758166525,0.5402352863835981,0.5513663334356554,0.011131047052057363,,,,
user_0165,1,Em Alerta,3565.078,4989.046405283353,Alimentacao_Fora,368.908,221.3448,Reduzir significativamente refeições fora,Lazer,139.8582965974546,69.9291482987273,Cortar gastos com lazer pela metade,408.74541147299544,11.465258585450176,8.192856475340415,-0.3994213886157198,-0.284768802761218,0.11465258585450178,Vestuario,293.6786579356703,117.47146317426812,Reduzir gastos com vestuário
user_0166,1,Em Alerta,3654.5,4512.549312027812,Alimentacao_Fora,410.39,246.23399999999998,Reduzir significativamente refeições fora,Lazer,168.605644852582,84.302822426291,Cortar gastos com lazer pela metade,408.242422426291,11.170951496136023,9.046824626118898,-0.2347925330490662,-0.12308301808770597,0.11170951496136022,Vestuario,194.264,77.7056,Reduzir gastos com vestuário
user_0167,1,Em Alerta,4746.59919807508,3858.910923004594,Alimentacao_Fora,321.1919918232955,192.7151950939773,Reduzir significativamente refeições fora,Lazer,129.0111550386461,64.50557751932305,Cortar gastos com lazer pela metade,307.9511726133004,6.48782759534839,7.980261238409876,0.1870156375180098,0.25189391347149376,0.06487827595348397,Vestuario,126.826,50.7304,Reduzir gastos com vestuário
user_0168,2,Endividados Severos,4379.6720000000005,6152.815943905185,Alimentacao_Fora,421.08599999999996,294.76019999999994,Cortar refeições fora de casa,Vestuario,216.18199999999996,194.56379999999996,Suspender compras de vestuário,489.3239999999999,11.17261749281681,7.952846378977274,-0.4048577025642981,-0.29313152763613,0.11172617492816811,,,,
user_0169,3,Poupadores,5609.408296409186,5646.425872954717,Transporte,688.5262150699405,103.27893226049106,Otimizar gastos com transporte,Telecomunicacoes,163.09365090030693,32.618730180061384,Revisar planos e assinaturas,135.89766244055244,2.4226737520166997,2.406790870867106,-0.0065991945298808,0.017627542990286193,0.02422673752016699,,,,
user_0170,0,Endividados Moderados,3887.89,4597.999491458216,Alimentacao_Fora,322.242,225.5694,Cortar drasticamente refeições fora,Vestuario,414.1014187328254,289.87099311297777,Cortar significativamente gastos com vestuário,515.4403931129777,13.257586843068548,11.210101133558634,-0.1826464975753468,-0.05007062914466153,0.13257586843068525,,,,
user_0171,3,Poupadores,7026.069373073455,5115.120499253979,Transporte,531.6082755482762,79.74124133224143,Otimizar gastos com transporte,Telecomunicacoes,190.87377697541814,38.17475539508363,Revisar planos e assinaturas,117.91599672732505,1.6782640544259864,2.3052437717649594,0.271979790171579,0.2887624307158389,0.01678264054425993,,,,
user_0172,1,Em Alerta,1861.548,1932.1385444400405,Alimentacao_Fora,149.64,89.78399999999999,Reduzir significativamente refeições fora,Lazer,50.790000000000006,25.395000000000003,Cortar gastos com lazer pela metade,148.02489400294866,7.951709759992687,7.661194608891167,-0.0379203460990746,0.04159675150085206,0.07951709759992667,Vestuario,82.11473500737162,32.84589400294865,Reduzir gastos com vestuário
user_0173,2,Endividados Severos,3975.592,7615.379853654852,Alimentacao_Fora,670.2043017990084,469.1430112593058,Cortar refeições fora de casa,Vestuario,279.6,251.64000000000001,Suspender compras de vestuário,720.7830112593058,18.13020579725751,9.46483333872545,-0.9155335491305076,-0.7342314911579322,0.18130205797257537,,,,
user_0174,3,Poupadores,7275.25837695332,4419.189038339381,Transporte,559.5677757272782,83.93516635909172,Otimizar gastos com transporte,Telecomunicacoes,164.20871966080946,32.8417439321619,Revisar planos e assinaturas,116.77691029125361,1.6051238903236946,2.642496378365733,0.3925729081542232,0.4086241470574602,0.01605123890323701,,,,
user_0175,2,Endividados Severos,3966.71,6762.682756811426,Alimentacao_Fora,481.61199999999997,337.12839999999994,Cortar refeições fora de casa,Vestuario,223.04372957844362,200.73935662059927,Suspender compras de vestuário,537.8677566205993,13.55954321391277,7.953467225397418,-0.7048593814045963,-0.5692639492654685,0.13559543213912773,,,,
user_0176,0,Endividados Moderados,2588.436,4597.548027287692,Alimentacao_Fora,553.6913505128762,387.5839453590133,Cortar drasticamente refeições fora,Vestuario,157.982,110.58739999999999,Cortar significativamente gastos com vestuário,498.1713453590133,19.246036809834713,10.835587630672512,-0.7761876389015189,-0.5837272708031718,0.1924603680983471,,,,
user_0177,2,Endividados Severos,3330.7,5666.134192465338,Alimentacao_Fora,522.6716858613293,365.8701801029305,Cortar refeições fora de casa,Vestuario,189.004,170.1036,Suspender compras de vestuário,535.9737801029305,16.09192602464739,9.459249673536728,-0.7011841932522708,-0.5402649330057969,0.16091926024647385,,,,
user_0178,2,Endividados Severos,4438.73,9886.063571663131,Alimentacao_Fora,1496.718519272993,1047.702963491095,Cortar refeições fora de casa,Vestuario,426.1416035567997,383.5274432011197,Suspender compras de vestuário,1431.2304066922147,32.24414205622362,14.477252713553398,-1.0,-0.9047865414140795,0.09521345858592045,,,,
user_0179,2,Endividados Severos,3794.914,7064.125782910187,Alimentacao_Fora,497.25199999999995,348.0763999999999,Cortar refeições fora de casa,Vestuario,227.78400000000002,205.00560000000002,Suspender compras de vestuário,553.0819999999999,14.574296018302388,7.82944722385943,-0.8614719023699055,-0.7157289421868813,0.14574296018302413,,,,
user_0180,1,Em Alerta,2872.054,3109.3982721630337,Alimentacao_Fora,241.052,144.63119999999998,Reduzir significativamente refeições fora,Lazer,107.57007935877184,53.78503967938592,Cortar gastos com lazer pela metade,269.92974709163525,9.398491361639971,8.681092721642901,-0.0826392094866717,0.011345704129727952,0.09398491361639964,Vestuario,178.78376853062338,71.51350741224935,Reduzir gastos com vestuário
user_0181,1,Em Alerta,2785.3740000000003,2596.2668761820764,Alimentacao_Fora,270.1979216998872,162.1187530199323,Reduzir significativamente refeições fora,Lazer,109.66071443170881,54.830357215854406,Cortar gastos com lazer pela metade,254.75711023578674,9.146244283022199,9.812439259342174,0.0678929019291211,0.1593553447593431,0.091462442830222,Vestuario,94.52000000000001,37.80800000000001,Reduzir gastos com vestuário
user_0182,1,Em Alerta,4409.189518154289,4475.4514321651895,Alimentacao_Fora,352.592,211.55519999999999,Reduzir significativamente refeições fora,Lazer,112.56684837737586,56.28342418868793,Cortar gastos com lazer pela metade,354.1714472129703,8.032574824799738,7.913647429341554,-0.0150281392392129,0.06529760900878444,0.08032574824799733,Vestuario,215.8320575607059,86.33282302428236,Reduzir gastos com vestuário
user_0183,0,Endividados Moderados,4900.181710637152,3209.344400924281,Alimentacao_Fora,388.96528787867857,272.27570151507496,Cortar drasticamente refeições fora,Vestuario,139.55231905846205,97.68662334092343,Cortar significativamente gastos com vestuário,369.9623248559984,7.549971546012191,11.527660438980947,0.3450560427264272,0.42055575818654917,0.07549971546012196,,,,
user_0184,1,Em Alerta,2181.436,2252.6896554645027,Alimentacao_Fora,165.19919276190888,99.11951565714533,Reduzir significativamente refeições fora,Lazer,101.35384246353694,50.67692123176847,Cortar gastos com lazer pela metade,183.8948368889138,8.429990010658749,8.163345378837585,-0.0326636470033971,0.05163625310319039,0.08429990010658749,Vestuario,85.24600000000001,34.098400000000005,Reduzir gastos com vestuário
user_0185,1,Em Alerta,2795.9260000000004,3625.728423053448,Alimentacao_Fora,209.07,125.442,Reduzir significativamente refeições fora,Lazer,99.62526734870502,49.81263367435251,Cortar gastos com lazer pela metade,217.7042336743525,7.786480531829257,6.0044274769760735,-0.296789837446859,-0.21892503212856665,0.07786480531829235,Vestuario,106.124,42.449600000000004,Reduzir gastos com vestuário
user_0186,0,Endividados Moderados,5147.043751515412,3516.856339620477,Alimentacao_Fora,631.5800039148745,442.1060027404121,Cortar drasticamente refeições fora,Vestuario,130.76437111130204,91.53505977791143,Cortar significativamente gastos com vestuário,533.6410625183236,10.367913860479756,15.173808964170304,0.3167230531924211,0.4204021917972187,0.1036791386047976,,,,
user_0187,2,Endividados Severos,3913.252,8672.056066814981,Alimentacao_Fora,609.7875901216569,426.8513130851598,Cortar refeições fora de casa,Vestuario,252.254,227.02859999999998,Suspender compras de vestuário,653.8799130851598,16.709374021534003,7.54007940040121,-1.0,-1.048980273626595,-0.04898027362659496,,,,
user_0188,2,Endividados Severos,3833.55,5778.056972006589,Alimentacao_Fora,426.1,298.27,Cortar refeições fora de casa,Vestuario,209.652,188.6868,Suspender compras de vestuário,486.9568,12.702502902009885,8.427691217985531,-0.5072340186006674,-0.38020898958056853,0.12702502902009888,,,,
user_0189,1,Em Alerta,2148.304,2242.9010408057256,Alimentacao_Fora,180.098,108.0588,Reduzir significativamente refeições fora,Lazer,74.13656704275589,37.06828352137794,Cortar gastos com lazer pela metade,175.23988352137798,8.1571269020296,7.813090293918002,-0.0440333587824281,0.03753791023786783,0.08157126902029593,Vestuario,75.28200000000001,30.112800000000007,Reduzir gastos com vestuário
user_0190,0,Endividados Moderados,2823.266,3477.4516719338512,Alimentacao_Fora,265.45609357563393,185.81926550294375,Cortar drasticamente refeições fora,Vestuario,354.8767159236914,248.41370114658395,Cortar significativamente gastos com vestuário,434.2329666495277,15.380519109766055,12.487102844711735,-0.2317123756436166,-0.07790718454595615,0.15380519109766044,,,,
user_0191,0,Endividados Moderados,2188.34,3028.242717314869,Alimentacao_Fora,221.72799999999998,155.20959999999997,Cortar drasticamente refeições fora,Vestuario,137.772,96.44039999999998,Cortar significativamente gastos com vestuário,251.64999999999995,11.499584159682678,8.310100064341508,-0.383808145587463,-0.2688123039906362,0.1149958415968268,,,,
user_0192,1,Em Alerta,3717.550197314279,3159.014633712273,Alimentacao_Fora,209.358,125.6148,Reduzir significativamente refeições fora,Lazer,125.92116527056874,62.96058263528437,Cortar gastos com lazer pela metade,242.48578263528438,6.5227305554735135,7.675994281493104,0.150242911045429,0.21547021660016416,0.06522730555473516,Vestuario,134.776,53.91040000000001,Reduzir gastos com vestuário
user_0193,1,Em Alerta,4109.837392313218,3216.450411872752,Alimentacao_Fora,234.5734628180872,140.74407769085232,Reduzir significativamente refeições fora,Lazer,74.196,37.098,Cortar gastos com lazer pela metade,222.75167769085232,5.419963283887413,6.925388212689931,0.2173776953101358,0.27157732814901,0.05419963283887419,Vestuario,112.274,44.909600000000005,Reduzir gastos com vestuário
user_0194,2,Endividados Severos,3429.334,10017.13967004549,Alimentacao_Fora,1050.196709677827,735.1376967744787,Cortar refeições fora de casa,Vestuario,418.31962038108287,376.4876583429746,Suspender compras de vestuário,1111.6253551174534,32.415196510968414,11.097233259525924,-1.0,-1.5968640893328083,-0.5968640893328083,,,,
user_0195,3,Poupadores,6447.442971607196,6092.461417863359,Transporte,655.3159129831889,98.29738694747833,Otimizar gastos com transporte,Telecomunicacoes,211.70626275941922,42.34125255188385,Revisar planos e assinaturas,140.63863949936217,2.181308778048862,2.3084042696930935,0.0550577268084542,0.07687081458894282,0.02181308778048862,,,,
user_0196,3,Poupadores,9008.633077836344,7371.523256981003,Transporte,683.7698434241282,102.56547651361923,Otimizar gastos com transporte,Telecomunicacoes,189.92000000000002,37.984,Revisar planos e assinaturas,140.54947651361923,1.5601642923986845,1.9066544540915016,0.1817267732751897,0.1973284161991767,0.015601642923986997,,,,
user_0197,1,Em Alerta,2523.378,3133.241145430814,Alimentacao_Fora,300.18047989941834,180.108287939651,Reduzir significativamente refeições fora,Lazer,110.92732802036025,55.463664010180125,Cortar gastos com lazer pela metade,284.97275194983115,11.293304132390436,9.095142656523745,-0.2416852114232645,-0.1287521700993599,0.11293304132390458,Vestuario,123.502,49.400800000000004,Reduzir gastos com vestuário
user_0198,0,Endividados Moderados,2797.366,4182.171021734683,Alimentacao_Fora,413.62918507181473,289.5404295502703,Cortar drasticamente refeições fora,Vestuario,318.50973444522737,222.95681411165916,Cortar significativamente gastos com vestuário,512.4972436619295,18.320707539232604,12.254334913576912,-0.4950389122248153,-0.3118318368324893,0.183207075392326,,,,
user_0199,1,Em Alerta,3925.84,4576.069723142207,Alimentacao_Fora,367.38716665571206,220.43229999342722,Reduzir significativamente refeições fora,Lazer,143.82286395727547,71.91143197863774,Cortar gastos com lazer pela metade,385.0507794413174,9.808111880293577,8.414443020700265,-0.1656281771906667,-0.06754705838773097,0.09808111880293573,Vestuario,231.76761867313104,92.70704746925242,Reduzir gastos com vestuário
user_0200,0,Endividados Moderados,3560.53,5070.438864368169,Alimentacao_Fora,429.3020957982154,300.5114670587508,Cortar drasticamente refeições fora,Vestuario,342.24600531827343,239.5722037227914,Cortar significativamente gastos com vestuário,540.0836707815422,15.168631377394437,10.651615870509907,-0.424068569670293,-0.2723822558963486,0.15168631377394437,,,,
user_0201,1,Em Alerta,2097.858,3837.902587127878,Alimentacao_Fora,288.4595205013568,173.07571230081408,Reduzir significativamente refeições fora,Lazer,114.96402868875546,57.48201434437773,Cortar gastos com lazer pela metade,284.9049266451918,13.580753637528934,7.4234538312865945,-0.8294386879988435,-0.6936311516235542,0.1358075363752893,Vestuario,135.868,54.3472,Reduzir gastos com vestuário
user_0202,3,Poupadores,9025.332345796976,4755.708284836301,Transporte,480.73645714827006,72.1104685722405,Otimizar gastos com transporte,Telecomunicacoes,150.9123120482966,30.182462409659323,Revisar planos e assinaturas,102.29293098189983,1.1333979410690267,2.150950496860026,0.4730711177576751,0.48440509716836544,0.011333979410690365,,,,
user_0203,1,Em Alerta,3939.902715747055,4452.290385507905,Alimentacao_Fora,369.518736114036,221.7112416684216,Reduzir significativamente refeições fora,Lazer,121.48800000000001,60.74400000000001,Cortar gastos com lazer pela metade,339.4920416684216,8.616762041142167,7.625110050626074,-0.1300508430609041,-0.04388322264948235,0.08616762041142173,Vestuario,142.592,57.03680000000001,Reduzir gastos com vestuário
user_0204,0,Endividados Moderados,2313.482,3423.4864523804217,Alimentacao_Fora,491.61773793465426,344.132416554258,Cortar drasticamente refeições fora,Vestuario,135.5030452649253,94.8521316854477,Cortar significativamente gastos com vestuário,438.9845482397057,18.975057866873644,12.822733618077283,-0.47979817970506,-0.29004760103632365,0.18975057866873635,,,,
user_0205,1,Em Alerta,2907.512,4245.771496353244,Alimentacao_Fora,302.406,181.4436,Reduzir significativamente refeições fora,Lazer,123.23174048306971,61.61587024153486,Cortar gastos com lazer pela metade,301.02427024153485,10.353328558627956,7.0899781229415915,-0.4602765169510027,-0.3567432313647233,0.10353328558627939,Vestuario,144.91199999999998,57.9648,Reduzir gastos com vestuário
user_0206,2,Endividados Severos,3430.7699999999995,6433.153041135824,Alimentacao_Fora,435.342,304.7394,Cortar refeições fora de casa,Vestuario,279.48910971852195,251.54019874666974,Suspender compras de vestuário,556.2795987466698,16.214424130637433,8.647075472783314,-0.8751338740678695,-0.7129896327614954,0.16214424130637406,,,,
user_0207,2,Endividados Severos,3738.466,7367.507279117597,Alimentacao_Fora,738.0806188157459,516.6564331710221,Cortar refeições fora de casa,Vestuario,237.096,213.3864,Suspender compras de vestuário,730.042833171022,19.527871409584094,9.908952994729296,-0.970730047863909,-0.7754513337680683,0.19527871409584074,,,,
user_0208,1,Em Alerta,3064.432,3501.458253925877,Alimentacao_Fora,304.32067436481975,182.59240461889183,Reduzir significativamente refeições fora,Lazer,108.8009280395906,54.4004640197953,Cortar gastos com lazer pela metade,332.4333157748226,10.848121797932622,9.494139060549825,-0.1426124821584807,-0.034131264179154526,0.1084812179793262,Vestuario,238.60111784033856,95.44044713613543,Reduzir gastos com vestuário
user_0209,1,Em Alerta,2357.412,3325.44986570489,Alimentacao_Fora,237.92600000000002,142.75560000000002,Reduzir significativamente refeições fora,Lazer,128.43060917367566,64.21530458683783,Cortar gastos com lazer pela metade,249.33570458683783,10.576670712918991,7.497803745538849,-0.410635843757854,-0.30486913662866405,0.10576670712918995,Vestuario,105.91199999999999,42.3648,Reduzir gastos com vestuário
user_0210,0,Endividados Moderados,2231.086,4883.084357720723,Alimentacao_Fora,477.9683353595383,334.5778347516768,Cortar drasticamente refeições fora,Vestuario,360.1456178497284,252.10193249480986,Cortar significativamente gastos com vestuário,586.6797672464867,26.29570385213689,12.014532706543925,-1.0,-0.9257010220467687,0.07429897795323126,,,,
user_0211,2,Endividados Severos,4099.870000000001,5635.819598683837,Alimentacao_Fora,419.16999999999996,293.4189999999999,Cortar refeições fora de casa,Vestuario,191.814,172.6326,Suspender compras de vestuário,466.0515999999999,11.367472627180856,8.269455610481915,-0.3746337319680468,-0.2609590056962383,0.11367472627180847,,,,
user_0212,1,Em Alerta,3416.6800000000003,4501.330379867605,Alimentacao_Fora,463.69147554957897,278.21488532974735,Reduzir significativamente refeições fora,Lazer,132.10999999999999,66.05499999999999,Cortar gastos com lazer pela metade,407.40668532974735,11.924051574327924,9.05080611616271,-0.3174574089079471,-0.1982168931646679,0.11924051574327921,Vestuario,157.842,63.13680000000001,Reduzir gastos com vestuário
user_0213,1,Em Alerta,2839.884,4177.606781698691,Alimentacao_Fora,311.03397464252555,186.6203847855153,Reduzir significativamente refeições fora,Lazer,224.9040952075148,112.4520476037574,Cortar gastos com lazer pela metade,358.7476323892727,12.632474861271541,8.58739587365854,-0.4710483884900547,-0.34472363987733934,0.12632474861271537,Vestuario,149.18800000000002,59.67520000000001,Reduzir gastos com vestuário
user_0214,1,Em Alerta,2146.534,3929.135732141977,Alimentacao_Fora,284.76000000000005,170.85600000000002,Reduzir significativamente refeições fora,Lazer,128.67400209529893,64.33700104764947,Cortar gastos com lazer pela metade,290.08100104764947,13.513925288285646,7.382819551757026,-0.8304558568100842,-0.6953166039272275,0.13513925288285666,Vestuario,137.22,54.888000000000005,Reduzir gastos com vestuário
user_0215,1,Em Alerta,3673.672,4276.766857302516,Alimentacao_Fora,544.7890204662829,326.8734122797697,Reduzir significativamente refeições fora,Lazer,120.81199999999998,60.40599999999999,Cortar gastos com lazer pela metade,435.5090122797697,11.854869250160867,10.183136626588484,-0.1641667675564165,-0.04561807505480783,0.11854869250160865,Vestuario,120.574,48.229600000000005,Reduzir gastos com vestuário
user_0216,2,Endividados Severos,2715.252,5979.301225819038,Alimentacao_Fora,487.49399999999997,341.2458,Cortar refeições fora de casa,Vestuario,234.252,210.82680000000002,Suspender compras de vestuário,552.0726,20.332278550941126,9.233062178170789,-1.0,-0.9987937126347899,0.0012062873652101125,,,,
user_0217,1,Em Alerta,4697.831918071932,4461.908504235986,Alimentacao_Fora,334.58874489995657,200.75324693997393,Reduzir significativamente refeições fora,Lazer,133.76408225283043,66.88204112641522,Cortar gastos com lazer pela metade,328.15448806638915,6.985232630482642,7.354576808440835,0.0502196370475453,0.12007196335237175,0.06985232630482645,Vestuario,151.298,60.519200000000005,Reduzir gastos com vestuário
user_0218,1,Em Alerta,3842.496,5138.217877049826,Alimentacao_Fora,303.604,182.1624,Reduzir significativamente refeições fora,Lazer,116.61200000000001,58.306000000000004,Cortar gastos com lazer pela metade,311.6478295055045,8.110557031302166,6.065290280848135,-0.337208386697039,-0.2561028163840174,0.08110557031302162,Vestuario,177.94857376376123,71.1794295055045,Reduzir gastos com vestuário
user_0219,1,Em Alerta,3615.662,5265.938377316407,Alimentacao_Fora,390.78200000000004,234.4692,Reduzir significativamente refeições fora,Lazer,153.68291245266684,76.84145622633342,Cortar gastos com lazer pela metade,382.47385622633345,10.578252508844397,7.263166197954016,-0.4564244050789058,-0.35064187999046204,0.10578252508844377,Vestuario,177.908,71.1632,Reduzir gastos com vestuário
user_0220,1,Em Alerta,2280.198,2598.328642549425,Alimentacao_Fora,188.16000000000003,112.89600000000002,Reduzir significativamente refeições fora,Lazer,86.44461838759173,43.222309193795866,Cortar gastos com lazer pela metade,193.2438814000156,8.474872857533231,7.4372378549623654,-0.139518867462135,-0.054770138886802516,0.08474872857533247,Vestuario,92.81393051554929,37.125572206219715,Reduzir gastos com vestuário
user_0221,2,Endividados Severos,3153.452,5924.154092889694,Alimentacao_Fora,333.082,233.15739999999997,Cortar refeições fora de casa,Vestuario,375.29878634668455,337.76890771201613,Suspender compras de vestuário,570.9263077120161,18.104804122974315,9.637262953663797,-0.8786251044536887,-0.6975770632239455,0.18104804122974316,,,,
user_0222,3,Poupadores,6216.692192796838,6014.0236442267615,Transporte,558.284,83.7426,Otimizar gastos com transporte,Telecomunicacoes,191.99428957261244,38.39885791452249,Revisar planos e assinaturas,122.14145791452248,1.964733883013308,2.030944092342798,0.0326007050509762,0.052248043881109305,0.0196473388301331,,,,
user_0223,2,Endividados Severos,3189.582,7550.860013363294,Alimentacao_Fora,705.2940000000001,493.7058,Cortar refeições fora de casa,Vestuario,568.4643148651055,511.61788337859497,Suspender compras de vestuário,1005.323683378595,31.51897908185446,13.314028886767895,-1.0,-1.052161170330375,-0.05216117033037504,,,,
user_0224,1,Em Alerta,2880.486,4721.248857818898,Alimentacao_Fora,491.70558392969235,295.0233503578154,Reduzir significativamente refeições fora,Lazer,189.48528798561605,94.74264399280803,Cortar gastos com lazer pela metade,449.2675943506234,15.596937265122046,9.515863448006725,-0.6390459310751373,-0.48307655842391684,0.15596937265122046,Vestuario,148.754,59.501599999999996,Reduzir gastos com vestuário
user_0225,0,Endividados Moderados,5110.377007343786,5324.463409595637,Alimentacao_Fora,543.8629522714339,380.70406659000366,Cortar drasticamente refeições fora,Vestuario,221.05588147475186,154.73911703232628,Cortar significativamente gastos com vestuário,535.4431836223299,10.477567170736714,10.056284407126647,-0.0418924869817239,0.06288318472564322,0.10477567170736712,,,,
user_0226,3,Poupadores,6848.884976672404,4494.678367859243,Transporte,599.6295659773411,89.94443489660117,Otimizar gastos com transporte,Telecomunicacoes,147.27109272026894,29.454218544053788,Revisar planos e assinaturas,119.39865344065495,1.743329809849806,2.6564448814503936,0.3437357492251205,0.36116904732361865,0.01743329809849814,,,,
user_0227,3,Poupadores,9469.477410402036,4716.605480870764,Transporte,489.79200000000003,73.4688,Otimizar gastos com transporte,Telecomunicacoes,169.27085182796262,33.85417036559252,Revisar planos e assinaturas,107.32297036559252,1.133356844462191,2.2754281824262077,0.501914912887414,0.5132484813320358,0.011333568444621855,,,,
user_0228,2,Endividados Severos,4036.394,7922.753232065797,Alimentacao_Fora,439.408,307.5856,Cortar refeições fora de casa,Vestuario,260.78599999999994,234.70739999999995,Suspender compras de vestuário,542.2929999999999,13.435085871200878,6.84475439428272,-0.9628295037763402,-0.8284786450643316,0.1343508587120087,,,,
user_0229,1,Em Alerta,2098.396,2367.4145905798578,Alimentacao_Fora,198.202,118.9212,Reduzir significativamente refeições fora,Lazer,60.636,30.318,Cortar gastos com lazer pela metade,188.3872,8.97767628226512,7.957507770274313,-0.1282020126705627,-0.03842524984791124,0.08977676282265146,Vestuario,97.87,39.148,Reduzir gastos com vestuário
user_0230,0,Endividados Moderados,3076.27,3717.02344048523,Alimentacao_Fora,348.872,244.2104,Cortar drasticamente refeições fora,Vestuario,266.65578856460286,186.659051995222,Cortar significativamente gastos com vestuário,430.869451995222,14.006230012164798,11.59178732375643,-0.2082890775144021,-0.06822677739275419,0.1400623001216479,,,,
user_0231,2,Endividados Severos,3122.51,4787.63010699526,Alimentacao_Fora,297.87,208.509,Cortar refeições fora de casa,Vestuario,163.332,146.9988,Suspender compras de vestuário,355.5078,11.38532142411073,7.425548591996771,-0.5332633384665734,-0.41941012422546586,0.1138532142411075,,,,
user_0232,3,Poupadores,7986.454518566728,5164.428765772143,Transporte,627.4984583991072,94.12476875986609,Otimizar gastos com transporte,Telecomunicacoes,150.42050052141718,30.084100104283436,Revisar planos e assinaturas,124.20886886414952,1.555244177192665,2.405084366490992,0.3533515086367804,0.36890395040870705,0.015552441771926662,,,,
user_0233,1,Em Alerta,2368.324,2939.2469625462154,Alimentacao_Fora,217.7260830928151,130.63564985568905,Reduzir significativamente refeições fora,Lazer,124.36544759377641,62.182723796888205,Cortar gastos com lazer pela metade,235.54637365257727,9.945698884636446,8.013834041646088,-0.2410662403227832,-0.1416092514764188,0.09945698884636439,Vestuario,106.82000000000001,42.72800000000001,Reduzir gastos com vestuário
user_0234,3,Poupadores,6860.632952488306,5319.873626190209,Transporte,512.512,76.87679999999999,Otimizar gastos com transporte,Telecomunicacoes,240.789893757298,48.1579787514596,Revisar planos e assinaturas,125.03477875145958,1.8224962567937744,2.3503336270226853,0.2245797635536345,0.24280472612157225,0.018224962567937764,,,,
user_0235,3,Poupadores,6607.568950306877,4714.416801071839,Transporte,565.7960951057948,84.86941426586922,Otimizar gastos com transporte,Telecomunicacoes,179.2109238181018,35.84218476362036,Revisar planos e assinaturas,120.71159902948958,1.8268685493457215,2.560477872937441,0.2865126589631901,0.30478134445664734,0.018268685493457226,,,,
user_0236,3,Poupadores,5108.210206994219,4922.41288392757,Transporte,582.5940972587879,87.38911458881817,Otimizar gastos com transporte,Telecomunicacoes,143.6222260390607,28.724445207812142,Revisar planos e assinaturas,116.11355979663031,2.273077165807435,2.3588748553734455,0.0363722939224884,0.05910306558056281,0.02273077165807441,,,,
user_0237,1,Em Alerta,3986.5416100159455,3193.984724591218,Alimentacao_Fora,292.6307065574957,175.57842393449744,Reduzir significativamente refeições fora,Lazer,106.676,53.338,Cortar gastos com lazer pela metade,275.27242393449745,6.90504328972491,8.618464008769742,0.1988081306949051,0.26785856359215426,0.06905043289724916,Vestuario,115.89000000000001,46.35600000000001,Reduzir gastos com vestuário
user_0238,1,Em Alerta,4892.928806261017,5299.201703825044,Alimentacao_Fora,354.38,212.628,Reduzir significativamente refeições fora,Lazer,177.38377252522864,88.69188626261432,Cortar gastos com lazer pela metade,367.34948626261433,7.507762749226027,6.932166518542895,-0.08303266073362,-0.007955033241359773,0.07507762749226024,Vestuario,165.074,66.0296,Reduzir gastos com vestuário
user_0239,0,Endividados Moderados,2133.798,3955.932587685402,Alimentacao_Fora,440.2681981253173,308.1877386877221,Cortar drasticamente refeições fora,Vestuario,152.07,106.44899999999998,Cortar significativamente gastos com vestuário,414.6367386877221,19.431864622973784,10.481390405348746,-0.8539395892607469,-0.6596209430310086,0.19431864622973827,,,,
user_0240,1,Em Alerta,2343.916,3343.0939690285218,Alimentacao_Fora,326.0763317829628,195.6457990697777,Reduzir significativamente refeições fora,Lazer,126.25923507094053,63.12961753547027,Cortar gastos com lazer pela metade,303.044216605248,12.928970859247855,9.064783084554168,-0.4262857410540828,-0.2969960324616042,0.12928970859247857,Vestuario,110.672,44.2688,Reduzir gastos com vestuário
user_0241,3,Poupadores,6945.959937711503,4545.755345856461,Transporte,653.781249262048,98.06718738930721,Otimizar gastos com transporte,Telecomunicacoes,132.4365401748317,26.48730803496634,Revisar planos e assinaturas,124.55449542427354,1.7931934036652493,2.740017575688653,0.3455540506105829,0.3634859846472354,0.017931934036652497,,,,
user_0242,0,Endividados Moderados,4055.262,4386.678153838373,Alimentacao_Fora,634.6846880305184,444.2792816213628,Cortar drasticamente refeições fora,Vestuario,210.86621815648428,147.60635270953898,Cortar significativamente gastos com vestuário,591.8856343309018,14.595496772610542,13.492798276367685,-0.0817249671755791,0.06423000055052644,0.14595496772610556,,,,
user_0243,1,Em Alerta,2055.306,2900.326100206102,Alimentacao_Fora,244.15659987054437,146.4939599223266,Reduzir significativamente refeições fora,Lazer,136.96840019053573,68.48420009526787,Cortar gastos com lazer pela metade,282.1642770344059,13.72857749816358,9.728708679150074,-0.4111407742721045,-0.27385499929046875,0.13728577498163574,Vestuario,167.96529254202864,67.18611701681145,Reduzir gastos com vestuário
user_0244,1,Em Alerta,3025.52,3525.819990120196,Alimentacao_Fora,285.608,171.3648,Reduzir significativamente refeições fora,Lazer,91.402,45.701,Cortar gastos com lazer pela metade,281.1146,9.291447420608687,7.973027573379228,-0.1653600009651881,-0.07244552675910126,0.09291447420608684,Vestuario,160.12199999999999,64.0488,Reduzir gastos com vestuário
user_0245,1,Em Alerta,2013.928,2753.890044780121,Alimentacao_Fora,196.73950309526205,118.04370185715723,Reduzir significativamente refeições fora,Lazer,87.945107146593,43.9725535732965,Cortar gastos com lazer pela metade,198.31305543045374,9.847077722264833,7.201197295670809,-0.367422293537863,-0.26895151631521447,0.09847077722264852,Vestuario,90.742,36.296800000000005,Reduzir gastos com vestuário
user_0246,3,Poupadores,8434.131113843032,3550.284061039536,Transporte,430.5820416536941,64.5873062480541,Otimizar gastos com transporte,Telecomunicacoes,94.14904868084668,18.829809736169334,Revisar planos e assinaturas,83.41711598422344,0.98904220077051,2.349589907456549,0.5790575207904445,0.5889479427981495,0.009890422007705069,,,,
user_0247,2,Endividados Severos,3357.824,6604.95585522262,Alimentacao_Fora,500.76599999999996,350.53619999999995,Cortar refeições fora de casa,Vestuario,310.5774567765611,279.519711098905,Suspender compras de vestuário,630.055911098905,18.763815825335247,9.539138866472696,-0.9670345602457486,-0.779396401992396,0.18763815825335262,,,,
user_0248,3,Poupadores,6488.372037915798,3964.2396846998463,Transporte,444.1270453624144,66.61905680436216,Otimizar gastos com transporte,Telecomunicacoes,134.74164049549088,26.948328099098177,Revisar planos e assinaturas,93.56738490346034,1.442077987462571,2.360285763360568,0.3890239860577964,0.40344476593242207,0.014420779874625644,,,,
user_0249,2,Endividados Severos,2761.128,5379.446630426483,Alimentacao_Fora,457.0120622004368,319.9084435403057,Cortar refeições fora de casa,Vestuario,175.212,157.6908,Suspender compras de vestuário,477.5992435403057,17.297251106805106,8.878222545028605,-0.9482786130981556,-0.7753061020301042,0.17297251106805145,,,,
user_0250,2,Endividados Severos,2986.23,5276.638837799492,Alimentacao_Fora,340.412,238.28839999999997,Cortar refeições fora de casa,Vestuario,150.464,135.4176,Suspender compras de vestuário,373.70599999999996,12.514307337345079,7.082273611810165,-0.7669900971457295,-0.6418470237722786,0.12514307337345087,,,,
user_0251,2,Endividados Severos,2002.098,4112.239881000289,Alimentacao_Fora,424.77109404531956,297.3397658317237,Cortar refeições fora de casa,Vestuario,116.03600000000002,104.43240000000002,Suspender compras de vestuário,401.7721658317237,20.06755742384857,9.770153917528614,-1.0,-0.8532897566295782,0.14671024337042182,,,,
user_0252,2,Endividados Severos,3098.812,4582.540275449505,Alimentacao_Fora,455.70850562371004,318.995953936597,Cortar refeições fora de casa,Vestuario,243.13001057294144,218.8170095156473,Suspender compras de vestuário,537.8129634522443,17.355456331401978,11.736131733168232,-0.4788055149681573,-0.3052509516541375,0.1735545633140198,,,,
user_0253,0,Endividados Moderados,3471.874,4967.039925241954,Alimentacao_Fora,384.46,269.12199999999996,Cortar drasticamente refeições fora,Vestuario,293.4779063728379,205.4345344609865,Cortar significativamente gastos com vestuário,474.5565344609864,13.668598988931812,9.554111535309834,-0.4306509755947232,-0.29396498570540514,0.13668598988931807,,,,
user_0254,3,Poupadores,7530.78814336358,6425.370115384141,Transporte,778.7419033659235,116.81128550488852,Otimizar gastos com transporte,Telecomunicacoes,298.3406063162123,59.66812126324246,Revisar planos e assinaturas,176.47940676813099,2.3434387398568823,2.746602975377087,0.1467864992263228,0.17022088662489163,0.023434387398568818,,,,
user_0255,1,Em Alerta,2223.118,3028.667861018298,Alimentacao_Fora,313.18273854931607,187.90964312958963,Reduzir significativamente refeições fora,Lazer,76.44434478579564,38.22217239289782,Cortar gastos com lazer pela metade,267.36701552248746,12.026667748742419,8.827875085404493,-0.3623513736195281,-0.24208469613210393,0.1202666774874242,Vestuario,103.08800000000001,41.235200000000006,Reduzir gastos com vestuário
user_0256,1,Em Alerta,3928.794,4402.076473261464,Alimentacao_Fora,292.922,175.75320000000002,Reduzir significativamente refeições fora,Lazer,87.27799999999999,43.638999999999996,Cortar gastos com lazer pela metade,274.2122,6.979551485774007,6.229155755598183,-0.1204650773905335,-0.05066956253279365,0.06979551485773985,Vestuario,137.05,54.82000000000001,Reduzir gastos com vestuário
user_0257,1,Em Alerta,1834.972,1972.6229027577888,Alimentacao_Fora,134.144,80.4864,Reduzir significativamente refeições fora,Lazer,71.18123304857309,35.590616524286546,Cortar gastos com lazer pela metade,141.95701652428656,7.736195240269963,7.1963585298450194,-0.075015260591327,0.0023466918113724676,0.07736195240269947,Vestuario,64.7,25.880000000000003,Reduzir gastos com vestuário
user_0258,2,Endividados Severos,3593.7240000000006,5280.196633135789,Alimentacao_Fora,428.08454726888897,299.6591830882223,Cortar refeições fora de casa,Vestuario,260.1434575710579,234.12911181395214,Suspender compras de vestuário,533.7882949021744,14.853346971057718,10.109250317542996,-0.4692827365528872,-0.32074926684231003,0.14853346971057718,,,,
user_0259,1,Em Alerta,2339.1400000000003,3356.8346957363947,Alimentacao_Fora,238.148,142.8888,Reduzir significativamente refeições fora,Lazer,105.53978780316825,52.769893901584126,Cortar gastos com lazer pela metade,248.56669390158413,10.626413720494888,7.404793992903354,-0.4350721614509581,-0.32880802424600925,0.10626413720494887,Vestuario,132.27,52.90800000000001,Reduzir gastos com vestuário
user_0260,1,Em Alerta,3933.352,5801.2677239155,Alimentacao_Fora,579.9070319219004,347.94421915314024,Reduzir significativamente refeições fora,Lazer,123.082,61.541,Cortar gastos com lazer pela metade,497.7485562049236,12.654564254735492,8.579996302411189,-0.4748915743913841,-0.34834593184402934,0.12654564254735473,Vestuario,220.65834262945845,88.26333705178338,Reduzir gastos com vestuário
user_0261,2,Endividados Severos,3300.774,6347.537102056466,Alimentacao_Fora,473.424,331.3968,Cortar refeições fora de casa,Vestuario,204.286,183.8574,Suspender compras de vestuário,515.2542,15.610102357810623,8.117387763406198,-0.9230450500568856,-0.7669440264787794,0.1561010235781063,,,,
user_0262,1,Em Alerta,2788.288,4154.505468393687,Alimentacao_Fora,283.96,170.37599999999998,Reduzir significativamente refeições fora,Lazer,167.6392637393838,83.8196318696919,Cortar gastos com lazer pela metade,330.60314734098665,11.856850775134658,7.957701580997371,-0.4899843446565374,-0.37141583690519064,0.11856850775134675,Vestuario,191.01878867823686,76.40751547129474,Reduzir gastos com vestuário
user_0263,0,Endividados Moderados,2121.016,2765.148992613567,Alimentacao_Fora,246.38150237746487,172.4670516642254,Cortar drasticamente refeições fora,Vestuario,214.6157654250876,150.2310357975613,Cortar significativamente gastos com vestuário,322.6980874617867,15.214316509719241,11.67018805582619,-0.3036907748991835,-0.15154760980199114,0.15214316509719236,,,,
user_0264,1,Em Alerta,3196.95,3857.0122839369424,Alimentacao_Fora,397.602398583948,238.56143915036878,Reduzir significativamente refeições fora,Lazer,95.16,47.58,Cortar gastos com lazer pela metade,332.4436303778247,10.398774781520661,8.619200715598753,-0.2064662518766144,-0.10247850406140786,0.10398774781520655,Vestuario,115.75547806863975,46.3021912274559,Reduzir gastos com vestuário
user_0265,0,Endividados Moderados,2708.556,6686.861828493691,Alimentacao_Fora,963.1751252282378,674.2225876597664,Cortar drasticamente refeições fora,Vestuario,218.27933423159644,152.7955339621175,Cortar significativamente gastos com vestuário,827.0181216218839,30.533543394409563,12.367806346735614,-1.0,-1.163456730033201,-0.16345673003320105,,,,
user_0266,3,Poupadores,8848.044999612543,5405.265145361185,Transporte,581.3507377483805,87.20261066225707,Otimizar gastos com transporte,Telecomunicacoes,254.70448140802364,50.94089628160473,Revisar planos e assinaturas,138.1435069438618,1.5612884761538977,2.5557211945914804,0.3891006266810484,0.4047135114425874,0.015612884761538992,,,,
user_0267,1,Em Alerta,4138.576,4343.293029992981,Alimentacao_Fora,359.806,215.88359999999997,Reduzir significativamente refeições fora,Lazer,133.1829987931486,66.5914993965743,Cortar gastos com lazer pela metade,357.0736079339031,8.627934051081896,8.221264498344937,-0.0494655722144479,0.03681376829637099,0.0862793405108189,Vestuario,186.496271343322,74.59850853732881,Reduzir gastos com vestuário
user_0268,1,Em Alerta,2117.922,3945.246809827408,Alimentacao_Fora,265.886,159.5316,Reduzir significativamente refeições fora,Lazer,135.39801663560075,67.69900831780038,Cortar gastos com lazer pela metade,286.4466083178004,13.524889411309783,7.260549773572506,-0.8627913633398248,-0.7275424692267267,0.13524889411309804,Vestuario,148.04000000000002,59.21600000000001,Reduzir gastos com vestuário
user_0269,1,Em Alerta,4057.29417603888,4972.526788344967,Alimentacao_Fora,358.88,215.328,Reduzir significativamente refeições fora,Lazer,203.67152661372273,101.83576330686137,Cortar gastos com lazer pela metade,389.76296330686137,9.606475310779299,7.838328075384553,-0.225577089704554,-0.12951233659676104,0.09606475310779297,Vestuario,181.498,72.5992,Reduzir gastos com vestuário
user_0270,2,Endividados Severos,2919.212,5626.706146004821,Alimentacao_Fora,315.738,221.01659999999998,Cortar refeições fora de casa,Vestuario,164.56,148.104,Suspender compras de vestuário,369.12059999999997,12.644528728985765,6.560154207841294,-0.9274743136177916,-0.801029026327934,0.1264452872898576,,,,
user_0271,2,Endividados Severos,3676.768,6896.628736192533,Alimentacao_Fora,929.6883815985891,650.7818671190123,Cortar refeições fora de casa,Vestuario,214.45,193.005,Suspender compras de vestuário,843.7868671190123,22.94914629149874,12.234772950600313,-0.8757312770869778,-0.6462398141719905,0.22949146291498734,,,,
user_0272,3,Poupadores,7442.008855632617,7626.995571678221,Transporte,475.9482056335602,71.39223084503402,Otimizar gastos com transporte,Telecomunicacoes,245.65613915064574,49.13122783012915,Revisar planos e assinaturas,120.52345867516317,1.619501683123406,1.5802219568962403,-0.0248570943187729,-0.008662077487538862,0.01619501683123404,,,,
user_0273,1,Em Alerta,3851.656,4291.116563020545,Alimentacao_Fora,434.66126066390416,260.7967563983425,Reduzir significativamente refeições fora,Lazer,122.68199999999999,61.340999999999994,Cortar gastos com lazer pela metade,382.5761563983425,9.932770641987304,8.915538666445467,-0.1140965244613083,-0.014768818041435325,0.09932770641987297,Vestuario,151.096,60.4384,Reduzir gastos com vestuário
user_0274,2,Endividados Severos,3014.73,6848.672931023268,Alimentacao_Fora,371.004,259.7028,Cortar refeições fora de casa,Vestuario,328.0458026269386,295.2412223642448,Suspender compras de vestuário,554.9440223642448,18.4077520164076,8.102942394145401,-1.0,-1.087659229403304,-0.08765922940330406,,,,
user_0275,0,Endividados Moderados,3381.192,4101.0304101893535,Alimentacao_Fora,578.5088392093951,404.95618744657656,Cortar drasticamente refeições fora,Vestuario,304.962844548488,213.4739911839416,Cortar significativamente gastos com vestuário,618.4301786305182,18.290300539884104,15.07987302639787,-0.2128948637608729,-0.029991858362031873,0.18290300539884102,,,,
user_0276,3,Poupadores,5249.450127019234,4089.874104154512,Transporte,387.1779991991925,58.07669987987887,Otimizar gastos com transporte,Telecomunicacoes,132.85689296581518,26.571378593163036,Revisar planos e assinaturas,84.6480784730419,1.6125132428128648,2.069698878678344,0.2208947594141937,0.23701989184232228,0.016125132428128575,,,,
user_0277,2,Endividados Severos,3312.44,5805.374965907509,Alimentacao_Fora,702.9471628215634,492.06301397509435,Cortar refeições fora de casa,Vestuario,185.712,167.14079999999998,Suspender compras de vestuário,659.2038139750944,19.900852965641473,11.355060058072342,-0.7525977726109784,-0.5535892429545637,0.1990085296564147,,,,
user_0278,0,Endividados Moderados,2627.91,5262.79069010738,Alimentacao_Fora,620.6200847684989,434.43405933794924,Cortar drasticamente refeições fora,Vestuario,173.296,121.30719999999998,Cortar significativamente gastos com vestuário,555.7412593379493,21.14765191113658,10.559820674278233,-1.0,-0.7911760413292049,0.20882395867079506,,,,
user_0279,3,Poupadores,7623.679378553934,3253.042282989291,Transporte,317.52271917882956,47.62840787682443,Otimizar gastos com transporte,Telecomunicacoes,92.37030248543563,18.474060497087127,Revisar planos e assinaturas,66.10246837391156,0.8670677909129219,2.032019956198312,0.5732976006125889,0.5819682785217182,0.008670677909129232,,,,
user_0280,3,Poupadores,7788.340879403746,6371.018399986194,Transporte,941.939059684851,141.29085895272766,Otimizar gastos com transporte,Telecomunicacoes,210.7358203645594,42.147164072911885,Revisar planos e assinaturas,183.43802302563955,2.3552901171896714,2.8792574673153837,0.1819800264733737,0.2055329276452704,0.023552901171896706,,,,
user_0281,1,Em Alerta,3701.096,4867.577878867113,Alimentacao_Fora,481.271994806564,288.7631968839384,Reduzir significativamente refeições fora,Lazer,124.55799999999999,62.278999999999996,Cortar gastos com lazer pela metade,423.4877968839384,11.44222675888273,8.700175064944242,-0.3151720136054599,-0.20074974601663256,0.11442226758882731,Vestuario,181.11399999999998,72.4456,Reduzir gastos com vestuário
user_0282,1,Em Alerta,4577.828614490516,3569.9737841791925,Alimentacao_Fora,242.18813190829005,145.31287914497403,Reduzir significativamente refeições fora,Lazer,103.83865171848765,51.91932585924383,Cortar gastos com lazer pela metade,238.00055020136355,5.198983409907571,6.666731034723399,0.2201600180314945,0.2721498521305702,0.051989834099075705,Vestuario,101.9208629928642,40.768345197145685,Reduzir gastos com vestuário
user_0283,0,Endividados Moderados,3533.647073661034,5029.762626760479,Alimentacao_Fora,453.1902472287441,317.23317306012086,Cortar drasticamente refeições fora,Vestuario,359.2052270111217,251.44365890778516,Cortar significativamente gastos com vestuário,568.6768319679061,16.093198333435392,11.306235983032344,-0.4233913353291943,-0.2624593519948404,0.16093198333435393,,,,
user_0284,2,Endividados Severos,3100.6240000000003,5408.543952506638,Alimentacao_Fora,368.248,257.7736,Cortar refeições fora de casa,Vestuario,226.7162115908696,204.04459043178264,Suspender compras de vestuário,461.8181904317826,14.894362890559531,8.53867869961099,-0.7443404787251331,-0.5953968498195379,0.1489436289055952,,,,
user_0285,1,Em Alerta,3626.178,4274.186493383153,Alimentacao_Fora,337.0445543059103,202.22673258354618,Reduzir significativamente refeições fora,Lazer,122.23800000000001,61.11900000000001,Cortar gastos com lazer pela metade,334.80253258354617,9.232931548962743,7.833128786070807,-0.1787028914143633,-0.0863735759247359,0.0923293154896274,Vestuario,178.642,71.4568,Reduzir gastos com vestuário
user_0286,1,Em Alerta,2017.06,2853.1719085443874,Alimentacao_Fora,195.45,117.26999999999998,Reduzir significativamente refeições fora,Lazer,88.074,44.037,Cortar gastos com lazer pela metade,201.983,10.01373285871516,7.079243959858219,-0.4145200978376386,-0.31438276925048714,0.10013732858715146,Vestuario,101.69,40.676,Reduzir gastos com vestuário
user_0287,3,Poupadores,5770.754628179881,3919.9028965874727,Transporte,436.906934309163,65.53604014637445,Otimizar gastos com transporte,Telecomunicacoes,118.69288987234181,23.738577974468363,Revisar planos e assinaturas,89.2746181208428,1.5470180916182943,2.277470143420188,0.3207295840572197,0.33619976497340265,0.015470180916182963,,,,
user_0288,1,Em Alerta,2087.496,2643.11777365472,Alimentacao_Fora,218.5211984906542,131.1127190943925,Reduzir significativamente refeições fora,Lazer,109.77987865984888,54.88993932992444,Cortar gastos com lazer pela metade,226.24932739637762,10.838311900783408,8.55994120472111,-0.2661666291359212,-0.15778351012808764,0.10838311900783357,Vestuario,100.61667243015174,40.2466689720607,Reduzir gastos com vestuário
user_0289,1,Em Alerta,1801.2720000000002,2975.583606956431,Alimentacao_Fora,221.38600000000002,132.8316,Reduzir significativamente refeições fora,Lazer,93.80744665150294,46.90372332575147,Cortar gastos com lazer pela metade,227.3409233257515,12.62113236233903,7.640212924760889,-0.6519346367214007,-0.5257233130980103,0.12621132362339038,Vestuario,119.01400000000001,47.60560000000001,Reduzir gastos com vestuário
user_0290,2,Endividados Severos,2546.724,4764.378344668415,Alimentacao_Fora,330.2216232615258,231.15513628306803,Cortar refeições fora de casa,Vestuario,161.706,145.53539999999998,Suspender compras de vestuário,376.690536283068,14.79118020967596,7.90639426662251,-0.8707870757366779,-0.722875273639918,0.14791180209675991,,,,
user_0291,3,Poupadores,6151.910626708291,4365.629646359674,Transporte,454.2478675385556,68.13718013078334,Otimizar gastos com transporte,Telecomunicacoes,134.3327967665843,26.86655935331686,Revisar planos e assinaturas,95.0037394841002,1.544296483626485,2.176174966269071,0.290361984875649,0.30580494971191385,0.015442964836264839,,,,
user_0292,0,Endividados Moderados,2564.958,3611.710135338771,Alimentacao_Fora,309.0727882342354,216.3509517639648,Cortar drasticamente refeições fora,Vestuario,144.20521838840952,100.94365287188666,Cortar significativamente gastos com vestuário,317.29460463585144,12.370362580434122,8.78516250601849,-0.4080971833997948,-0.28439355759545365,0.12370362580434113,,,,
user_0293,1,Em Alerta,3135.84418896445,2138.524007047728,Alimentacao_Fora,173.684,104.21039999999999,Reduzir significativamente refeições fora,Lazer,63.02319997360645,31.511599986803226,Cortar gastos com lazer pela metade,168.8739999868032,5.3852803204029875,7.896754931450917,0.3180388188375096,0.3718916220415395,0.05385280320402991,Vestuario,82.88,33.152,Reduzir gastos com vestuário
user_0294,2,Endividados Severos,3940.262,5724.957771087413,Alimentacao_Fora,364.414,255.08979999999997,Cortar refeições fora de casa,Vestuario,230.92399999999998,207.83159999999998,Suspender compras de vestuário,462.92139999999995,11.748492866717998,8.086022963136573,-0.4529383505684173,-0.33545342190123717,0.11748492866718013,,,,
user_0295,0,Endividados Moderados,2089.054,3677.801946192673,Alimentacao_Fora,249.31,174.517,Cortar drasticamente refeições fora,Vestuario,188.79047519412407,132.15333263588684,Cortar significativamente gastos com vestuário,306.67033263588684,14.679866228249095,8.338413463328484,-0.7605107125965498,-0.6137120503140588,0.14679866228249094,,,,
user_0296,0,Endividados Moderados,2533.056,3595.93699509118,Alimentacao_Fora,451.7376417036345,316.2163491925441,Cortar drasticamente refeições fora,Vestuario,136.49,95.543,Cortar significativamente gastos com vestuário,411.7593491925441,16.25543806345158,11.45068308356452,-0.4196042231562111,-0.2570498425216955,0.1625543806345156,,,,
user_0297,0,Endividados Moderados,4927.542,5514.857126262069,Alimentacao_Fora,659.3942396811684,461.57596777681783,Cortar drasticamente refeições fora,Vestuario,179.876,125.91319999999999,Cortar significativamente gastos com vestuário,587.4891677768178,11.922560330826562,10.652844748763487,-0.1191902831598532,3.532014841257686e-05,0.11922560330826577,,,,
user_0298,1,Em Alerta,2151.958,3506.467180023596,Alimentacao_Fora,294.1705925523528,176.50235553141167,Reduzir significativamente refeições fora,Lazer,116.38639207256605,58.19319603628303,Cortar gastos com lazer pela metade,290.41395156769465,13.4953354836709,8.282237838191897,-0.629431048386444,-0.49447769354973525,0.13495335483670878,Vestuario,139.296,55.7184,Reduzir gastos com vestuário
user_0299,2,Endividados Severos,3628.08,6600.016387480483,Alimentacao_Fora,465.98,326.186,Cortar refeições fora de casa,Vestuario,209.964,188.9676,Suspender compras de vestuário,515.1536,14.19906948027607,7.805338195480706,-0.8191485269014145,-0.6771578320986535,0.14199069480276094,,,,
user_0300,3,Poupadores,8707.21878917141,6885.294656473881,Transporte,1254.7115206241808,188.2067280936271,Otimizar gastos com transporte,Telecomunicacoes,243.83132017308486,48.766264034616974,Revisar planos e assinaturas,236.97299212824407,2.7215692848209083,3.441726228890303,0.2092429485019182,0.2364586413501273,0.0272156928482091,,,,
user_0301,1,Em Alerta,2166.836,3396.678915111001,Alimentacao_Fora,311.0121635977008,186.60729815862047,Reduzir significativamente refeições fora,Lazer,134.228479915871,67.1142399579355,Cortar gastos com lazer pela metade,303.413321960532,14.002597425948803,8.932646551039007,-0.5675754487700041,-0.4275494745105164,0.1400259742594877,Vestuario,124.2294596099402,49.69178384397608,Reduzir gastos com vestuário
user_0302,3,Poupadores,11506.873966307308,3962.237596525936,Transporte,344.96148715719835,51.744223073579754,Otimizar gastos com transporte,Telecomunicacoes,141.3225281500913,28.264505630018263,Revisar planos e assinaturas,80.00872870359802,0.6953124622540189,2.0192814477796373,0.6556634227395239,0.6626165473620642,0.006953124622540274,,,,
user_0303,0,Endividados Moderados,2903.528,4524.122222153726,Alimentacao_Fora,649.2352548919644,454.464678424375,Cortar drasticamente refeições fora,Vestuario,174.75019987990783,122.32513991593547,Cortar significativamente gastos com vestuário,576.7898183403105,19.865137113894217,12.749209460254754,-0.5581465796623027,-0.35949520852336064,0.1986513711389421,,,,
user_0304,2,Endividados Severos,3196.014,6105.83089194763,Alimentacao_Fora,330.35,231.245,Cortar refeições fora de casa,Vestuario,352.62044006792195,317.3583960611298,Suspender compras de vestuário,548.6033960611298,17.165237575965868,8.984909765264346,-0.9104518603321606,-0.738799484572502,0.17165237575965864,,,,
user_0305,1,Em Alerta,2374.146,2859.5225002477005,Alimentacao_Fora,231.95840106368323,139.17504063820994,Reduzir significativamente refeições fora,Lazer,57.40768327139657,28.703841635698286,Cortar gastos com lazer pela metade,220.31540895416063,9.279775083510476,7.704622325408394,-0.2044425659785458,-0.1116448151434409,0.09279775083510489,Vestuario,131.091316700631,52.436526680252406,Reduzir gastos com vestuário
user_0306,2,Endividados Severos,3456.742,6929.843694628066,Alimentacao_Fora,745.9741590645729,522.181911345201,Cortar refeições fora de casa,Vestuario,223.906,201.5154,Suspender compras de vestuário,723.697311345201,20.93582082044888,10.44319819083658,-1.0,-0.7953744836273188,0.20462551637268123,,,,
user_0307,1,Em Alerta,2969.6580000000004,4241.236342718464,Alimentacao_Fora,272.942,163.7652,Reduzir significativamente refeições fora,Lazer,127.428,63.714,Cortar gastos com lazer pela metade,298.1328,10.03929745445435,7.029384262252848,-0.4281901628801913,-0.3277971883356478,0.10039297454454349,Vestuario,176.634,70.6536,Reduzir gastos com vestuário
user_0308,0,Endividados Moderados,4799.044808762832,2767.98309761777,Alimentacao_Fora,279.7095012189301,195.79665085325104,Cortar drasticamente refeições fora,Vestuario,179.71169480613102,125.79818636429171,Cortar significativamente gastos com vestuário,321.59483721754276,6.701225973767229,11.618381539046222,0.4232220769092295,0.4902343366469018,0.06701225973767228,,,,
user_0309,3,Poupadores,5352.926460244615,5037.76141570497,Transporte,463.5321867604489,69.52982801406733,Otimizar gastos com transporte,Telecomunicacoes,172.81597433172504,34.56319486634501,Revisar planos e assinaturas,104.09302288041235,1.9446002789968382,2.066255510947929,0.0588771482067478,0.07832315099671626,0.019446002789968463,,,,
user_0310,3,Poupadores,7980.222864925713,6252.670567851815,Transporte,689.0265378792358,103.35398068188536,Otimizar gastos com transporte,Telecomunicacoes,368.25131643004863,73.65026328600973,Revisar planos e assinaturas,177.0042439678951,2.2180363501607894,2.830858303617732,0.2164792044426167,0.23865956794422466,0.022180363501607958,,,,
user_0311,1,Em Alerta,2340.352,3405.4034548889927,Alimentacao_Fora,257.972,154.7832,Reduzir significativamente refeições fora,Lazer,99.80413901803063,49.90206950901531,Cortar gastos com lazer pela metade,288.8115784157719,12.340518794428016,8.480979779389648,-0.4550817376569819,-0.3316765497127017,0.12340518794428018,Vestuario,210.3157722668915,84.1263089067566,Reduzir gastos com vestuário
user_0312,1,Em Alerta,3058.218,3134.611182954866,Alimentacao_Fora,250.47799999999998,150.28679999999997,Reduzir significativamente refeições fora,Lazer,146.7991380391998,73.3995690195999,Cortar gastos com lazer pela metade,285.8440686554602,9.346752542018267,9.118964106610731,-0.0249796394354051,0.06848788598477748,0.09346752542018258,Vestuario,155.39424908965086,62.15769963586035,Reduzir gastos com vestuário
user_0313,2,Endividados Severos,4111.378,6574.253338497918,Alimentacao_Fora,503.64399999999995,352.5507999999999,Cortar refeições fora de casa,Vestuario,228.73796645824413,205.86416981241973,Suspender compras de vestuário,558.4149698124197,13.582185092502314,8.49396792396817,-0.5990388960825102,-0.463217045157487,0.13582185092502314,,,,
user_0314,0,Endividados Moderados,3557.3119999999994,4363.504595537279,Alimentacao_Fora,601.6459561171032,421.1521692819722,Cortar drasticamente refeições fora,Vestuario,198.7813252510592,139.14692767574144,Cortar significativamente gastos com vestuário,560.2990969577136,15.750631290078399,12.840575383620603,-0.2266297124169259,-0.06912339951614194,0.15750631290078396,,,,
user_0315,0,Endividados Moderados,3868.766000000001,4699.969336638688,Alimentacao_Fora,475.48598262772765,332.84018783940934,Cortar drasticamente refeições fora,Vestuario,389.7272867584284,272.8091007308999,Cortar significativamente gastos com vestuário,605.6492885703092,15.654844169182343,12.886239147327199,-0.2148497315781537,-0.05830128988633016,0.15654844169182355,,,,
user_0316,2,Endividados Severos,3739.228,7943.73483208588,Alimentacao_Fora,660.75815983898,462.5307118872859,Cortar refeições fora de casa,Vestuario,478.5564771436734,430.7008294293061,Suspender compras de vestuário,893.231541316592,23.888127210124445,11.244478324083808,-1.0,-0.8855505175852577,0.11444948241474229,,,,
user_0317,3,Poupadores,7114.383331864015,5520.498643180424,Transporte,520.4245975723904,78.06368963585857,Otimizar gastos com transporte,Telecomunicacoes,165.71105348505841,33.142210697011684,Revisar planos e assinaturas,111.20590033287024,1.5631136972167277,2.0144176734876114,0.224036942393148,0.23966807936531542,0.01563113697216742,,,,
user_0318,1,Em Alerta,3624.19,4237.772662542258,Alimentacao_Fora,285.99,171.594,Reduzir significativamente refeições fora,Lazer,202.12868327063205,101.06434163531603,Cortar gastos com lazer pela metade,354.3254704156284,9.776680317964246,8.361125020875164,-0.1693020130131859,-0.07153520983354346,0.09776680317964244,Vestuario,204.16782195078093,81.66712878031238,Reduzir gastos com vestuário
user_0319,0,Endividados Moderados,2709.338,3256.469226218561,Alimentacao_Fora,608.0859491176952,425.66016438238665,Cortar drasticamente refeições fora,Vestuario,107.88399999999999,75.51879999999998,Cortar significativamente gastos com vestuário,501.17896438238665,18.498207472909865,15.390256427030934,-0.2019427720788477,-0.0169606973497489,0.1849820747290988,,,,
user_0320,0,Endividados Moderados,3169.23,3984.213451528117,Alimentacao_Fora,410.3379044170653,287.2365330919457,Cortar drasticamente refeições fora,Vestuario,258.65149055278437,181.05604338694906,Cortar significativamente gastos com vestuário,468.2925764788948,14.776225659825723,11.75370200859305,-0.257155034985822,-0.10939277838756481,0.14776225659825717,,,,
user_0321,0,Endividados Moderados,4749.103388896803,5978.135029180397,Alimentacao_Fora,589.8064540566613,412.8645178396629,Cortar drasticamente refeições fora,Vestuario,414.42803931125275,290.0996275178769,Cortar significativamente gastos com vestuário,702.9641453575398,14.80203920177942,11.758920498219597,-0.2587923529222414,-0.11077196090444721,0.14802039201779418,,,,
user_0322,1,Em Alerta,4465.329485840486,3123.921314692246,Alimentacao_Fora,305.31805649147384,183.1908338948843,Reduzir significativamente refeições fora,Lazer,106.03100173041415,53.01550086520707,Cortar gastos com lazer pela metade,289.5550687014243,6.484517427428378,9.26896165212631,0.3004051941523759,0.36525036842665964,0.06484517427428377,Vestuario,133.37183485333236,53.348733941332945,Reduzir gastos com vestuário
user_0323,0,Endividados Moderados,2790.666,4204.411251220244,Alimentacao_Fora,715.4354631924396,500.80482423470767,Cortar drasticamente refeições fora,Vestuario,275.0941431498974,192.56590020492814,Cortar significativamente gastos com vestuário,693.3707244396358,24.84606629527273,16.491505778327443,-0.5065977982389306,-0.25813713528620325,0.24846066295272734,,,,
user_0324,1,Em Alerta,2685.7380000000003,4389.13233130596,Alimentacao_Fora,417.75083339047626,250.65050003428576,Reduzir significativamente refeições fora,Lazer,128.60756625553358,64.30378312776679,Cortar gastos com lazer pela metade,381.0059933442551,14.186268107471953,8.680667717094988,-0.6342369699896117,-0.49237428891489216,0.1418626810747195,Vestuario,165.12927545550636,66.05171018220254,Reduzir gastos com vestuário
user_0325,1,Em Alerta,2260.728,3268.6054210959646,Alimentacao_Fora,242.05258604748155,145.23155162848892,Reduzir significativamente refeições fora,Lazer,158.4374566071441,79.21872830357205,Cortar gastos com lazer pela metade,262.52147993206097,11.6122541027519,8.03160510711132,-0.4458198514354511,-0.3296973104079321,0.11612254102751901,Vestuario,95.178,38.0712,Reduzir gastos com vestuário
user_0326,1,Em Alerta,3341.518,4307.0569133748895,Alimentacao_Fora,338.304,202.98239999999998,Reduzir significativamente refeições fora,Lazer,103.154,51.577,Cortar gastos com lazer pela metade,315.041,9.428080291651877,7.314530695466076,-0.2889521808276626,-0.19467137791114383,0.09428080291651877,Vestuario,151.204,60.48160000000001,Reduzir gastos com vestuário
user_0327,1,Em Alerta,2341.762,3325.4966003453083,Alimentacao_Fora,222.11302479281272,133.26781487568763,Reduzir significativamente refeições fora,Lazer,99.35886652829565,49.679433264147825,Cortar gastos com lazer pela metade,245.86317623683377,10.499067635260703,7.393277028498665,-0.42008308288601,-0.31509240653340276,0.10499067635260723,Vestuario,157.28982024249575,62.9159280969983,Reduzir gastos com vestuário
user_0328,1,Em Alerta,2690.052,2518.4704523557293,Alimentacao_Fora,203.064,121.8384,Reduzir significativamente refeições fora,Lazer,70.436,35.218,Cortar gastos com lazer pela metade,197.5116,7.342296728836467,7.842522028211663,0.063783728955526,0.13720669624389073,0.07342296728836473,Vestuario,101.138,40.455200000000005,Reduzir gastos com vestuário
user_0329,1,Em Alerta,4520.280659423149,3208.296330760824,Alimentacao_Fora,243.14925944060093,145.88955566436056,Reduzir significativamente refeições fora,Lazer,93.33,46.665,Cortar gastos com lazer pela metade,259.75029629829686,5.746331165451232,8.096206507105876,0.2902439975551768,0.34770730920968906,0.05746331165451224,Vestuario,167.98935158484073,67.1957406339363,Reduzir gastos com vestuário
user_0330,1,Em Alerta,2654.53,2054.87177849757,Alimentacao_Fora,221.03074370592753,132.6184462235565,Reduzir significativamente refeições fora,Lazer,66.962,33.481,Cortar gastos com lazer pela metade,203.22691197284126,7.655852899490352,9.890004529695357,0.2258999602575333,0.30245848925243685,0.07655852899490354,Vestuario,92.81866437321192,37.12746574928477,Reduzir gastos com vestuário
user_0331,2,Endividados Severos,3328.256,5615.359504780477,Alimentacao_Fora,457.7174788418635,320.40223518930446,Cortar refeições fora de casa,Vestuario,200.386,180.3474,Suspender compras de vestuário,500.74963518930446,15.045406218431049,8.917499133635262,-0.6871777605990879,-0.5367236984147774,0.15045406218431046,,,,
user_0332,1,Em Alerta,2833.822,3833.093476337088,Alimentacao_Fora,280.94,168.564,Reduzir significativamente refeições fora,Lazer,255.3728043785207,127.68640218926035,Cortar gastos com lazer pela metade,358.52800218926035,12.651747434710447,9.353489665790004,-0.3526232333354343,-0.22610575898833,0.12651747434710434,Vestuario,155.69400000000002,62.27760000000001,Reduzir gastos com vestuário
user_0333,1,Em Alerta,3484.478,3399.909277747389,Alimentacao_Fora,263.83000000000004,158.29800000000003,Reduzir significativamente refeições fora,Lazer,87.66631632924009,43.833158164620045,Cortar gastos com lazer pela metade,252.7335581646201,7.253125379601194,7.433538295235595,0.0242701266165581,0.09680138041257007,0.07253125379601197,Vestuario,126.506,50.6024,Reduzir gastos com vestuário
user_0334,1,Em Alerta,3280.7160000000003,4710.778068370614,Alimentacao_Fora,333.132,199.8792,Reduzir significativamente refeições fora,Lazer,108.94800000000001,54.474000000000004,Cortar gastos com lazer pela metade,330.01320000000004,10.059182202909366,7.0054924093281805,-0.435899379394807,-0.3353075573657133,0.10059182202909367,Vestuario,189.15,75.66000000000001,Reduzir gastos com vestuário
user_0335,0,Endividados Moderados,3481.406,4326.975331195927,Alimentacao_Fora,399.9533185226027,279.96732296582184,Cortar drasticamente refeições fora,Vestuario,218.28235678735686,152.7976497511498,Cortar significativamente gastos com vestuário,432.76497271697167,12.430752768191118,10.001558585205995,-0.242881563137401,-0.11857403545548982,0.12430752768191118,,,,
user_0336,1,Em Alerta,2437.1040000000003,3348.1529235640583,Alimentacao_Fora,265.77641837594626,159.46585102556776,Reduzir significativamente refeições fora,Lazer,69.586,34.793,Cortar gastos com lazer pela metade,273.4905771236563,11.221949376130697,8.168401604324862,-0.3738243930353641,-0.2616048992740571,0.11221949376130697,Vestuario,198.07931524522127,79.23172609808852,Reduzir gastos com vestuário
user_0337,1,Em Alerta,3470.086,4730.672662725561,Alimentacao_Fora,299.56,179.736,Reduzir significativamente refeições fora,Lazer,233.52354867723025,116.76177433861513,Cortar gastos com lazer pela metade,362.3937743386151,10.443365793776152,7.660512577714966,-0.3632724557044294,-0.2588387977666681,0.10443365793776127,Vestuario,164.74,65.896,Reduzir gastos com vestuário
user_0338,1,Em Alerta,2823.074,3376.7062350194005,Alimentacao_Fora,254.57799999999997,152.74679999999998,Reduzir significativamente refeições fora,Lazer,97.32744368376315,48.663721841881575,Cortar gastos com lazer pela metade,241.66492184188155,8.56034669448557,7.156823988287897,-0.1961097140986743,-0.11050624715381846,0.08560346694485585,Vestuario,100.636,40.254400000000004,Reduzir gastos com vestuário
user_0339,3,Poupadores,7044.910406140143,5622.952237954216,Transporte,791.1755086146611,118.67632629219916,Otimizar gastos com transporte,Telecomunicacoes,172.2613141637299,34.45226283274598,Revisar planos e assinaturas,153.12858912494514,2.173605912595888,2.723277428738351,0.2018419094367174,0.22357796856267634,0.02173605912595894,,,,
user_0340,1,Em Alerta,2580.172,3556.2852644572536,Alimentacao_Fora,204.768,122.8608,Reduzir significativamente refeições fora,Lazer,113.11977595518083,56.559887977590414,Cortar gastos com lazer pela metade,277.214910771608,10.74404771354809,7.795069578421895,-0.3783132537122539,-0.270872776576773,0.10744047713548088,Vestuario,244.48555698504396,97.79422279401759,Reduzir gastos com vestuário
user_0341,2,Endividados Severos,5121.808,6158.492919204049,Alimentacao_Fora,479.54400000000004,335.68080000000003,Cortar refeições fora de casa,Vestuario,255.202,229.6818,Suspender compras de vestuário,565.3626,11.038340367307796,9.180210278995823,-0.2024060486461126,-0.09202264497303472,0.11038340367307789,,,,
user_0342,1,Em Alerta,3089.544,3850.637918639831,Alimentacao_Fora,269.348,161.6088,Reduzir significativamente refeições fora,Lazer,92.84400000000001,46.422000000000004,Cortar gastos com lazer pela metade,272.2388,8.811617507308524,7.069966217342075,-0.2463450653688152,-0.15822889029573003,0.08811617507308517,Vestuario,160.52,64.20800000000001,Reduzir gastos com vestuário
user_0343,1,Em Alerta,2304.12,2803.366756537178,Alimentacao_Fora,199.894,119.93639999999999,Reduzir significativamente refeições fora,Lazer,67.046,33.523,Cortar gastos com lazer pela metade,202.84818362265406,8.803716109519213,7.235877473028881,-0.2166756751111826,-0.1286385140159905,0.0880371610951921,Vestuario,123.4719590566352,49.38878362265408,Reduzir gastos com vestuário
user_0344,1,Em Alerta,4816.780920544642,4896.682502639972,Alimentacao_Fora,299.554,179.73239999999998,Reduzir significativamente refeições fora,Lazer,138.56199999999998,69.28099999999999,Cortar gastos com lazer pela metade,322.891,6.703460367541278,6.594076700417441,-0.0165881702766534,0.050446433398759344,0.06703460367541275,Vestuario,184.69400000000002,73.87760000000002,Reduzir gastos com vestuário
user_0345,1,Em Alerta,3318.886,3747.447708464338,Alimentacao_Fora,234.6,140.76,Reduzir significativamente refeições fora,Lazer,158.8587821291719,79.42939106458596,Cortar gastos com lazer pela metade,269.05739106458594,8.10685847795272,7.179750379354663,-0.1291281798966093,-0.04805959511708212,0.08106858477952718,Vestuario,122.17,48.868,Reduzir gastos com vestuário
user_0346,1,Em Alerta,2062.162,2031.0496611885592,Alimentacao_Fora,150.3679860971458,90.22079165828748,Reduzir significativamente refeições fora,Lazer,69.74155755634,34.87077877817,Cortar gastos com lazer pela metade,158.66901685543164,7.694304174717197,7.812168254053393,0.0150872428118841,0.09203028455905611,0.07694304174717201,Vestuario,83.94361604743537,33.57744641897415,Reduzir gastos com vestuário
user_0347,3,Poupadores,5618.531682490133,4959.227491521184,Transporte,538.386,80.75789999999999,Otimizar gastos com transporte,Telecomunicacoes,178.19097398977908,35.63819479795582,Revisar planos e assinaturas,116.39609479795581,2.071646141298772,2.347061008936549,0.1173445711846098,0.13806103259759755,0.02071646141298776,,,,
user_0348,2,Endividados Severos,4105.596,8465.540943252741,Alimentacao_Fora,576.4559999999999,403.5191999999999,Cortar refeições fora de casa,Vestuario,332.21619411232,298.994574701088,Suspender compras de vestuário,702.5137747010879,17.11112770718522,8.298510153223107,-1.0,-0.8908404939384329,0.1091595060615671,,,,
user_0349,1,Em Alerta,3105.688,4187.841316102441,Alimentacao_Fora,300.962,180.57719999999998,Reduzir significativamente refeições fora,Lazer,177.18369671567785,88.59184835783893,Cortar gastos com lazer pela metade,362.34728877081966,11.667214761135686,8.652364342879416,-0.3484423793061121,-0.23177023169475527,0.11667214761135683,Vestuario,232.94560103245186,93.17824041298076,Reduzir gastos com vestuário
user_0350,1,Em Alerta,2639.766,3088.282626172206,Alimentacao_Fora,183.85399999999998,110.31239999999998,Reduzir significativamente refeições fora,Lazer,116.35796843044147,58.17898421522074,Cortar gastos com lazer pela metade,215.1068156141223,8.14870771174878,6.965256799722957,-0.1699077214314473,-0.08842064431395956,0.08148707711748775,Vestuario,116.53857849725398,46.61543139890159,Reduzir gastos com vestuário
user_0351,1,Em Alerta,3760.624,3967.0220787132894,Alimentacao_Fora,425.1954121714231,255.11724730285383,Reduzir significativamente refeições fora,Lazer,99.652,49.826,Cortar gastos com lazer pela metade,372.7436351800086,9.9117496239988,9.396056482269659,-0.0548839976326511,0.044233498607337246,0.09911749623998835,Vestuario,169.500969692887,67.8003878771548,Reduzir gastos com vestuário
user_0352,3,Poupadores,6378.89872552672,5682.347891347418,Transporte,451.262,67.6893,Otimizar gastos com transporte,Telecomunicacoes,190.12961715237844,38.02592343047569,Revisar planos e assinaturas,105.7152234304757,1.6572644899883804,1.8604144880226288,0.1091960954626672,0.12576874036255103,0.01657264489988383,,,,
user_0353,1,Em Alerta,2824.71,4317.805353010698,Alimentacao_Fora,337.85895320046257,202.71537192027753,Reduzir significativamente refeições fora,Lazer,188.11842377152627,94.05921188576313,Cortar gastos com lazer pela metade,379.6394084843288,13.439942807733493,8.792415994843669,-0.5285835901776459,-0.394184162100311,0.1343994280773349,Vestuario,207.16206169572038,82.86482467828816,Reduzir gastos com vestuário
user_0354,1,Em Alerta,3207.7740000000003,4790.602873911729,Alimentacao_Fora,403.7296903029006,242.23781418174036,Reduzir significativamente refeições fora,Lazer,252.33074104574638,126.16537052287319,Cortar gastos com lazer pela metade,443.9845252146813,13.840891696693136,9.267821543557611,-0.493435283754943,-0.3550263667880117,0.1384089169669313,Vestuario,188.95335127516938,75.58134051006776,Reduzir gastos com vestuário
user_0355,0,Endividados Moderados,2468.906,3071.491825103706,Alimentacao_Fora,390.43260135587013,273.30282094910905,Cortar drasticamente refeições fora,Vestuario,140.8773632221561,98.61415425550926,Cortar significativamente gastos com vestuário,371.9169752046183,15.06403950594386,12.10867540538093,-0.2440699747595518,-0.09342957970011326,0.15064039505943855,,,,
user_0356,2,Endividados Severos,3642.964,6802.688671745414,Alimentacao_Fora,605.2555310826339,423.6788717578437,Cortar refeições fora de casa,Vestuario,499.15768415693583,449.2419157412423,Suspender compras de vestuário,872.9207874990859,23.96182854123966,12.83199672395289,-0.8673499578215469,-0.6277316724091502,0.23961828541239671,,,,
user_0357,2,Endividados Severos,3102.224,6548.136317132774,Alimentacao_Fora,472.4,330.67999999999995,Cortar refeições fora de casa,Vestuario,196.48464608793793,176.83618147914413,Suspender compras de vestuário,507.51618147914405,16.359752921747237,7.7505439242500325,-1.0,-0.9471901886045719,0.05280981139542806,,,,
user_0358,2,Endividados Severos,4201.636,5750.091892393853,Alimentacao_Fora,414.89400000000006,290.42580000000004,Cortar refeições fora de casa,Vestuario,218.80292496004458,196.92263246404013,Suspender compras de vestuário,487.3484324640402,11.599016013382409,8.475489463197942,-0.3685364206689615,-0.25254626053513746,0.11599016013382402,,,,
user_0359,3,Poupadores,7806.739259236574,5928.645102971935,Transporte,637.1767831927135,95.57651747890702,Otimizar gastos com transporte,Telecomunicacoes,206.630154337557,41.326030867511406,Revisar planos e assinaturas,136.90254834641843,1.7536457130221383,2.309170914578634,0.2405734448018825,0.2581099019321039,0.017536457130221422,,,,
user_0360,3,Poupadores,5884.610265698669,3723.878261529272,Transporte,496.58149610558047,74.48722441583706,Otimizar gastos com transporte,Telecomunicacoes,119.80390102287053,23.960780204574107,Revisar planos e assinaturas,98.44800462041117,1.672974082825222,2.6436955696822877,0.3671835358008806,0.3839132766291328,0.016729740828252238,,,,
user_0361,1,Em Alerta,2650.382,3836.964173895266,Alimentacao_Fora,262.0,157.2,Reduzir significativamente refeições fora,Lazer,177.08602373846412,88.54301186923206,Cortar gastos com lazer pela metade,298.07901186923203,11.246643384585015,7.768615977631706,-0.4477023213617002,-0.3352358875158501,0.11246643384585009,Vestuario,130.84,52.336000000000006,Reduzir gastos com vestuário
user_0362,0,Endividados Moderados,4110.2,7051.152504659464,Alimentacao_Fora,1012.7188998330537,708.9032298831376,Cortar drasticamente refeições fora,Vestuario,294.30847612619056,206.01593328833337,Cortar significativamente gastos com vestuário,914.9191631714709,22.259723691583645,12.975455609092048,-0.7155254013574679,-0.49292816444163146,0.22259723691583644,,,,
user_0363,0,Endividados Moderados,3899.34,6751.079196643525,Alimentacao_Fora,957.1645000723732,670.0151500506612,Cortar drasticamente refeições fora,Vestuario,364.33558690641036,255.03491083448722,Cortar significativamente gastos com vestuário,925.0500608851485,23.72324703373259,13.702254616492443,-0.731338943678552,-0.49410647334122615,0.23723247033732586,,,,
user_0364,3,Poupadores,6132.260768402581,3732.8323905693032,Transporte,287.698,43.1547,Otimizar gastos com transporte,Telecomunicacoes,100.25127761668566,20.050255523337132,Revisar planos e assinaturas,63.204955523337134,1.0306958218249689,1.693217077815208,0.3912795734644394,0.4015865316826891,0.010306958218249673,,,,
user_0365,2,Endividados Severos,2715.398,5086.687611111911,Alimentacao_Fora,404.54,283.178,Cortar refeições fora de casa,Vestuario,208.81599999999997,187.93439999999998,Suspender compras de vestuário,471.1124,17.349662922341402,9.261673529368132,-0.8732751556537608,-0.6997785264303468,0.17349662922341402,,,,
user_0366,1,Em Alerta,3073.152,3825.393702375221,Alimentacao_Fora,293.798,176.2788,Reduzir significativamente refeições fora,Lazer,98.736,49.368,Cortar gastos com lazer pela metade,293.8716,9.562546857428464,7.6821269355238515,-0.244778553867567,-0.14915308529328225,0.09562546857428475,Vestuario,170.56199999999998,68.2248,Reduzir gastos com vestuário
user_0367,0,Endividados Moderados,2800.186,4234.370456877309,Alimentacao_Fora,291.762,204.2334,Cortar drasticamente refeições fora,Vestuario,204.85923325571744,143.4014632790022,Cortar significativamente gastos com vestuário,347.63486327900216,12.414706140199334,8.209835837919812,-0.5121747115646278,-0.38802765016263446,0.12414706140199333,,,,
user_0368,1,Em Alerta,3781.552,5209.418885028836,Alimentacao_Fora,347.384,208.4304,Reduzir significativamente refeições fora,Lazer,142.32999999999998,71.16499999999999,Cortar gastos com lazer pela metade,401.79351288204225,10.625095539663139,7.712827894042892,-0.3775875315290748,-0.2713365761324433,0.10625095539663154,Vestuario,305.4952822051056,122.19811288204224,Reduzir gastos com vestuário
user_0369,1,Em Alerta,2554.632,4725.028638436403,Alimentacao_Fora,296.418,177.8508,Reduzir significativamente refeições fora,Lazer,125.11800000000001,62.559000000000005,Cortar gastos com lazer pela metade,386.2651983113094,15.120189456301706,8.174875283700535,-0.8495926765328244,-0.6983907819698074,0.15120189456301703,Vestuario,364.6384957782735,145.85539831130941,Reduzir gastos com vestuário
user_0370,0,Endividados Moderados,3609.456,5234.464573420034,Alimentacao_Fora,597.3274218319342,418.1291952823539,Cortar drasticamente refeições fora,Vestuario,190.6570880330502,133.45996162313514,Cortar significativamente gastos com vestuário,551.5891569054891,15.28178088070582,10.537642373326793,-0.4502087221509375,-0.2973909133438792,0.1528178088070583,,,,
user_0371,2,Endividados Severos,3399.3380000000006,6075.432244170329,Alimentacao_Fora,585.6800774503079,409.97605421521547,Cortar refeições fora de casa,Vestuario,151.982,136.7838,Suspender compras de vestuário,546.7598542152155,16.08430389138166,8.999521881588885,-0.7872398226273256,-0.626396783713509,0.16084303891381657,,,,
user_0372,1,Em Alerta,4208.222747464867,3498.741621696014,Alimentacao_Fora,236.762,142.0572,Reduzir significativamente refeições fora,Lazer,96.232,48.116,Cortar gastos com lazer pela metade,237.906,5.653360439233408,6.799759048359653,0.1685940047247406,0.22512760911707475,0.05653360439233415,Vestuario,119.332,47.7328,Reduzir gastos com vestuário
user_0373,0,Endividados Moderados,3746.189405880074,2481.501121859496,Alimentacao_Fora,412.04858357400263,288.4340085018018,Cortar drasticamente refeições fora,Vestuario,115.0792038847112,80.55544271929784,Cortar significativamente gastos com vestuário,368.98945122109967,9.849727582965464,14.869606464034154,0.3375932573071465,0.43609053313680113,0.09849727582965462,,,,
user_0374,1,Em Alerta,3440.432,4737.700272816894,Alimentacao_Fora,275.69159818658335,165.41495891195,Reduzir significativamente refeições fora,Lazer,138.6874284169155,69.34371420845775,Cortar gastos com lazer pela metade,284.7954731204078,8.277898622045365,6.011259824823764,-0.377065517591074,-0.29428653137062033,0.08277898622045365,Vestuario,125.09200000000001,50.03680000000001,Reduzir gastos com vestuário
user_0375,2,Endividados Severos,3603.238,7697.103606949322,Alimentacao_Fora,604.668,423.26759999999996,Cortar refeições fora de casa,Vestuario,291.166,262.0494,Suspender compras de vestuário,685.317,19.01947637097522,8.903569901037349,-1.0,-0.9459682116333482,0.05403178836665179,,,,
user_0376,0,Endividados Moderados,3314.932,3928.5282477099927,Alimentacao_Fora,345.178,241.6246,Cortar drasticamente refeições fora,Vestuario,148.81,104.167,Cortar significativamente gastos com vestuário,345.7916,10.431333131418686,8.802064747824275,-0.1851007042406881,-0.08078737292650133,0.10431333131418678,,,,
user_0377,2,Endividados Severos,3474.17,7396.133884907287,Alimentacao_Fora,710.0041874527216,497.00293121690504,Cortar refeições fora de casa,Vestuario,327.03804329320985,294.3342389638889,Suspender compras de vestuário,791.3371701807939,22.77773310404482,10.699335389203998,-1.0,-0.9011150043683797,0.09888499563162034,,,,
user_0378,1,Em Alerta,2209.818,2767.9708058150927,Alimentacao_Fora,216.68,130.008,Reduzir significativamente refeições fora,Lazer,77.576,38.788,Cortar gastos com lazer pela metade,228.94386765142514,10.360304226475895,8.271180720925535,-0.2525786312787263,-0.14897558901396737,0.10360304226475894,Vestuario,150.36966912856286,60.147867651425145,Reduzir gastos com vestuário
user_0379,2,Endividados Severos,3191.44,5743.487028512287,Alimentacao_Fora,304.814,213.3698,Cortar refeições fora de casa,Vestuario,173.06983332994167,155.76284999694752,Suspender compras de vestuário,369.1326499969475,11.566335259223031,6.426978039028714,-0.7996537702454963,-0.683990417653266,0.11566335259223037,,,,
user_0380,2,Endividados Severos,2746.45,5797.121082118237,Alimentacao_Fora,518.8446219700788,363.1912353790552,Cortar refeições fora de casa,Vestuario,332.10054758427884,298.89049282585097,Suspender compras de vestuário,662.0817282049061,24.106818919146757,11.420871132865575,-1.0,-0.8697006513547784,0.13029934864522164,,,,
user_0381,1,Em Alerta,2471.38,4115.803406082112,Alimentacao_Fora,302.506,181.50359999999998,Reduzir significativamente refeições fora,Lazer,107.064,53.532,Cortar gastos com lazer pela metade,301.786,12.211234209227232,7.332371598556844,-0.6653867094830062,-0.5432743673907338,0.1221123420922724,Vestuario,166.876,66.7504,Reduzir gastos com vestuário
user_0382,2,Endividados Severos,2417.832,4692.095689922736,Alimentacao_Fora,268.528,187.9696,Cortar refeições fora de casa,Vestuario,129.14000000000001,116.22600000000001,Suspender compras de vestuário,304.1956,12.581337330302519,6.48314996331648,-0.9406210563524414,-0.8148076830494162,0.12581337330302522,,,,
user_0383,1,Em Alerta,2685.074,4343.119856548108,Alimentacao_Fora,349.6101509753319,209.76609058519915,Reduzir significativamente refeições fora,Lazer,159.4193234831348,79.7096617415674,Cortar gastos com lazer pela metade,345.88782632984453,12.881873137568817,7.964040545838276,-0.617504715530413,-0.4886859841547248,0.12881873137568817,Vestuario,141.03018500769485,56.41207400307795,Reduzir gastos com vestuário
user_0384,1,Em Alerta,2718.096,3194.794554338841,Alimentacao_Fora,274.4134771467144,164.64808628802862,Reduzir significativamente refeições fora,Lazer,88.78,44.39,Cortar gastos com lazer pela metade,246.47648628802864,9.067983113474602,7.7149401032153895,-0.1753795871591146,-0.08469975602436865,0.09067983113474597,Vestuario,93.596,37.4384,Reduzir gastos com vestuário
user_0385,1,Em Alerta,4862.333734892198,3624.108531660325,Alimentacao_Fora,340.62449127529084,204.3746947651745,Reduzir significativamente refeições fora,Lazer,123.782,61.891,Cortar gastos com lazer pela metade,337.0039921543379,6.93091035146335,9.298948671383886,0.2546565642638524,0.323965667778486,0.0693091035146336,Vestuario,176.84574347290842,70.73829738916338,Reduzir gastos com vestuário
user_0386,1,Em Alerta,2476.986,3948.4435249554576,Alimentacao_Fora,310.98,186.588,Reduzir significativamente refeições fora,Lazer,120.446,60.223,Cortar gastos com lazer pela metade,328.3916938001992,13.257712954380818,8.316991030127594,-0.5940516114969797,-0.4614744819531716,0.13257712954380813,Vestuario,203.95173450049808,81.58069380019924,Reduzir gastos com vestuário
user_0387,3,Poupadores,7231.777361783502,4241.0631717207525,Transporte,415.6217171244622,62.34325756866932,Otimizar gastos com transporte,Telecomunicacoes,122.22089678647686,24.444179357295372,Revisar planos e assinaturas,86.7874369259647,1.2000844686479835,2.0463603915324824,0.4135517508969854,0.4255525955834653,0.012000844686479883,,,,
user_0388,1,Em Alerta,3383.454,3386.645327463283,Alimentacao_Fora,372.6722754402895,223.6033652641737,Reduzir significativamente refeições fora,Lazer,75.564,37.782,Cortar gastos com lazer pela metade,296.6917652641737,8.768901993766537,8.760638820316217,-0.00094321585672,0.0867458040809453,0.0876890199376653,Vestuario,88.26599999999999,35.3064,Reduzir gastos com vestuário
user_0389,2,Endividados Severos,3553.392,6038.291924870212,Alimentacao_Fora,517.9406976540342,362.55848835782393,Cortar refeições fora de casa,Vestuario,194.448,175.00320000000002,Suspender compras de vestuário,537.561688357824,15.128127950921936,8.902545538478225,-0.6993036301286805,-0.5480223506194611,0.15128127950921932,,,,
user_0390,1,Em Alerta,4470.161058403401,3505.633802601784,Alimentacao_Fora,359.21789037216115,215.5307342232967,Reduzir significativamente refeições fora,Lazer,101.51807088169366,50.75903544084683,Cortar gastos com lazer pela metade,340.2730244708718,7.612097640893649,9.706462329816954,0.2157701351696073,0.29189111157854386,0.07612097640893656,Vestuario,184.9581370168207,73.98325480672828,Reduzir gastos com vestuário
user_0391,1,Em Alerta,1662.53,3528.318179281438,Alimentacao_Fora,264.88800000000003,158.93280000000001,Reduzir significativamente refeições fora,Lazer,173.47481081152173,86.73740540576087,Cortar gastos com lazer pela metade,296.7366054057609,17.84849629214275,8.410143029282947,-1.0,-0.9437733898790862,0.05622661012091379,Vestuario,127.66600000000001,51.06640000000001,Reduzir gastos com vestuário
user_0392,1,Em Alerta,2083.822,2119.1427277182684,Alimentacao_Fora,156.054,93.6324,Reduzir significativamente refeições fora,Lazer,80.80904549225845,40.404522746129224,Cortar gastos com lazer pela metade,168.58812274612922,8.09033222348786,7.955486930682204,-0.0169499735189801,0.06395334871589846,0.08090332223487856,Vestuario,86.378,34.5512,Reduzir gastos com vestuário
user_0393,1,Em Alerta,3504.806,5165.382320854069,Alimentacao_Fora,384.916824658053,230.95009479483178,Reduzir significativamente refeições fora,Lazer,136.719844610102,68.359922305051,Cortar gastos com lazer pela metade,407.9796134059177,11.64057620895187,7.898343008586059,-0.4737997825996844,-0.3573940205101655,0.11640576208951892,Vestuario,271.67399076508724,108.6695963060349,Reduzir gastos com vestuário
user_0394,1,Em Alerta,2701.952,3510.927407548114,Alimentacao_Fora,259.494,155.6964,Reduzir significativamente refeições fora,Lazer,116.76400000000001,58.382000000000005,Cortar gastos com lazer pela metade,271.264,10.039556587237671,7.7262776614751925,-0.2994040632654146,-0.19900849739303794,0.10039556587237664,Vestuario,142.964,57.1856,Reduzir gastos com vestuário
user_0395,1,Em Alerta,2217.894,2908.00260808758,Alimentacao_Fora,221.9,133.14,Reduzir significativamente refeições fora,Lazer,74.922,37.461,Cortar gastos com lazer pela metade,210.97379999999998,9.51234820059029,7.25493847265649,-0.3111549100577304,-0.21603142805182768,0.0951234820059027,Vestuario,100.93199999999999,40.3728,Reduzir gastos com vestuário
user_0396,1,Em Alerta,3868.908690974381,2932.872614582643,Alimentacao_Fora,267.214,160.3284,Reduzir significativamente refeições fora,Lazer,76.892,38.446,Cortar gastos com lazer pela metade,242.0392,6.256007037970251,8.252632548599214,0.2419380117642419,0.30449808214394447,0.06256007037970257,Vestuario,108.162,43.26480000000001,Reduzir gastos com vestuário
user_0397,1,Em Alerta,3703.172,3394.0648413249446,Alimentacao_Fora,312.57925082236363,187.54755049341819,Reduzir significativamente refeições fora,Lazer,86.16400000000002,43.08200000000001,Cortar gastos com lazer pela metade,282.4143504934182,7.62628229240819,8.320829556785126,0.0834709159269554,0.1597337388510373,0.07626282292408192,Vestuario,129.462,51.7848,Reduzir gastos com vestuário
user_0398,0,Endividados Moderados,3765.082,5691.054708793175,Alimentacao_Fora,772.26555160055,540.585886120385,Cortar drasticamente refeições fora,Vestuario,218.67381625999005,153.071671381993,Cortar significativamente gastos com vestuário,693.657557502378,18.4234382545288,12.1885589402368,-0.5115353951901114,-0.32730101264482353,0.18423438254528784,,,,
user_0399,2,Endividados Severos,3894.892,7818.73135906847,Alimentacao_Fora,531.2488395850772,371.87418770955406,Cortar refeições fora de casa,Vestuario,291.41999999999996,262.27799999999996,Suspender compras de vestuário,634.152187709554,16.281637275425197,8.110678812030542,-1.0,-0.8446157611966947,0.15538423880330532,,,,
user_0400,2,Endividados Severos,3139.892,7370.966649614247,Alimentacao_Fora,458.41518787851965,320.89063151496373,Cortar refeições fora de casa,Vestuario,260.84381395812903,234.75943256231614,Suspender compras de vestuário,555.6500640772799,17.696470581704084,7.53836084859181,-1.0,-1.1705576451473387,-0.17055764514733873,,,,
user_0401,2,Endividados Severos,6401.486289569288,9450.071079529716,Alimentacao_Fora,518.436,362.9052,Cortar refeições fora de casa,Vestuario,330.514,297.4626,Suspender compras de vestuário,660.3678,10.315851196557537,6.987966486627349,-0.4762307770506132,-0.3730722650850379,0.1031585119655753,,,,
user_0402,3,Poupadores,8155.617983869958,4344.006217141026,Transporte,367.92600000000004,55.188900000000004,Otimizar gastos com transporte,Telecomunicacoes,151.26196998546638,30.25239399709328,Revisar planos e assinaturas,85.44129399709328,1.0476372748953864,1.9668778018767616,0.4673602631054412,0.4778366358543951,0.01047637274895391,,,,
user_0403,1,Em Alerta,3204.732,4045.3771077719816,Alimentacao_Fora,344.55177353261473,206.73106411956883,Reduzir significativamente refeições fora,Lazer,106.8949595677406,53.4474797838703,Cortar gastos com lazer pela metade,316.3033439034391,9.86988440541796,7.818884011969042,-0.2623136997951721,-0.16361485574099255,0.09869884405417956,Vestuario,140.312,56.12480000000001,Reduzir gastos com vestuário
user_0404,1,Em Alerta,2374.038,4233.653858640604,Alimentacao_Fora,464.9161137113143,278.94966822678856,Reduzir significativamente refeições fora,Lazer,105.52325838195524,52.76162919097762,Cortar gastos com lazer pela metade,382.6552974177662,16.1183307688321,9.038417173307458,-0.7833134341744337,-0.6221301264861127,0.161183307688321,Vestuario,127.35999999999999,50.943999999999996,Reduzir gastos com vestuário
user_0405,1,Em Alerta,2962.178,3673.035422685799,Alimentacao_Fora,323.77565644465034,194.2653938667902,Reduzir significativamente refeições fora,Lazer,121.68799999999999,60.843999999999994,Cortar gastos com lazer pela metade,320.3791575653024,10.815661907059685,8.722463050221133,-0.2399779563165343,-0.1318213372459375,0.10815661907059679,Vestuario,163.1744092462805,65.26976369851221,Reduzir gastos com vestuário
user_0406,1,Em Alerta,1912.926,3053.195543931075,Alimentacao_Fora,238.97284867945905,143.38370920767542,Reduzir significativamente refeições fora,Lazer,80.042,40.021,Cortar gastos com lazer pela metade,224.5927092076754,11.740794427368096,7.355988372710185,-0.596086594008903,-0.47867864973522223,0.11740794427368073,Vestuario,102.97,41.188,Reduzir gastos com vestuário
user_0407,1,Em Alerta,3311.5,4217.123664834792,Alimentacao_Fora,267.744,160.6464,Reduzir significativamente refeições fora,Lazer,146.17481925782994,73.08740962891497,Cortar gastos com lazer pela metade,330.8792412008175,9.991823681135966,7.846088175215507,-0.2734783828581586,-0.17356014604679895,0.09991823681135967,Vestuario,242.86357892975633,97.14543157190253,Reduzir gastos com vestuário
user_0408,1,Em Alerta,2200.02,3072.2722767170053,Alimentacao_Fora,345.8339626357014,207.50037758142085,Reduzir significativamente refeições fora,Lazer,98.90151174694995,49.450755873474975,Cortar gastos com lazer pela metade,295.72153345489585,13.44176568644357,9.625498875734428,-0.3964747032831544,-0.2620570464187187,0.1344176568644357,Vestuario,96.926,38.7704,Reduzir gastos com vestuário
user_0409,0,Endividados Moderados,2087.568,3041.299601646743,Alimentacao_Fora,419.9320967901014,293.95246775307095,Cortar drasticamente refeições fora,Vestuario,114.572,80.2004,Cortar significativamente gastos com vestuário,374.15286775307095,17.92290683479872,12.302400840432886,-0.4568625317339329,-0.27763346338594574,0.17922906834798713,,,,
user_0410,0,Endividados Moderados,3053.392,5638.31820920533,Alimentacao_Fora,507.49697054907773,355.2478793843544,Cortar drasticamente refeições fora,Vestuario,318.07062670354287,222.64943869248,Cortar significativamente gastos com vestuário,577.8973180768344,18.92640440784657,10.249462634679567,-0.8465752871578004,-0.6573112430793348,0.18926404407846564,,,,
user_0411,3,Poupadores,9266.000418849188,7973.010051938645,Transporte,822.2772240825137,123.34158361237705,Otimizar gastos com transporte,Telecomunicacoes,174.546,34.9092,Revisar planos e assinaturas,158.25078361237706,1.7078650599935048,1.98483110621312,0.1395413671987647,0.1566200177986998,0.017078650599935102,,,,
user_0412,0,Endividados Moderados,2201.864,3645.1985437335015,Alimentacao_Fora,256.6284670329477,179.63992692306337,Cortar drasticamente refeições fora,Vestuario,326.8488576853628,228.79420037975396,Cortar significativamente gastos com vestuário,408.43412730281733,18.549471143668153,11.204715529280582,-0.6555057640860206,-0.47001105264933896,0.18549471143668161,,,,
user_0413,2,Endividados Severos,3518.3160000000003,7612.771979393695,Alimentacao_Fora,558.514,390.9598,Cortar refeições fora de casa,Vestuario,346.41579971618,311.774219744562,Suspender compras de vestuário,702.7340197445619,19.97359019896342,9.230987367633332,-1.0,-0.9640185701480858,0.035981429851914215,,,,
user_0414,1,Em Alerta,3360.576,4678.926493050841,Alimentacao_Fora,385.6842447199797,231.4105468319878,Reduzir significativamente refeições fora,Lazer,209.11154369131842,104.55577184565921,Cortar gastos com lazer pela metade,405.823918677647,12.076022642476973,8.673440783486944,-0.3922989669184213,-0.27153874049365156,0.12076022642476975,Vestuario,174.644,69.8576,Reduzir gastos com vestuário
user_0415,1,Em Alerta,2245.252,2782.632531242792,Alimentacao_Fora,192.68352805770706,115.61011683462424,Reduzir significativamente refeições fora,Lazer,75.4260613059482,37.7130306529741,Cortar gastos com lazer pela metade,194.18394748759835,8.648648235814882,6.978425836230379,-0.2393408540523699,-0.1528543716942213,0.0864864823581486,Vestuario,102.152,40.860800000000005,Reduzir gastos com vestuário
user_0416,1,Em Alerta,2476.04,3732.502694488761,Alimentacao_Fora,211.38600000000002,126.83160000000001,Reduzir significativamente refeições fora,Lazer,91.732,45.866,Cortar gastos com lazer pela metade,275.5553072157913,11.128871392053089,7.382588299873524,-0.5074484638732659,-0.39615974995273484,0.11128871392053108,Vestuario,257.1442680394781,102.85770721579125,Reduzir gastos com vestuário
user_0417,0,Endividados Moderados,2186.492,3543.647082298886,Alimentacao_Fora,384.8148232417374,269.37037626921614,Cortar drasticamente refeições fora,Vestuario,146.416,102.49119999999999,Cortar significativamente gastos com vestuário,371.86157626921613,17.00722327221943,10.493753120245167,-0.6206997703622452,-0.45062753764005054,0.17007223272219468,,,,
user_0418,0,Endividados Moderados,3373.246,5109.727590507449,Alimentacao_Fora,623.6844991536002,436.5791494075201,Cortar drasticamente refeições fora,Vestuario,149.61038473371667,104.72726931360167,Cortar significativamente gastos com vestuário,541.3064187211218,16.047048413341976,10.593645338877339,-0.514780597237038,-0.35431011310361815,0.1604704841334198,,,,
user_0419,0,Endividados Moderados,3834.068,5202.998956093912,Alimentacao_Fora,659.4517699942347,461.6162389959643,Cortar drasticamente refeições fora,Vestuario,238.01099909991166,166.60769936993816,Cortar significativamente gastos com vestuário,628.2239383659024,16.38531028573052,12.074266085141288,-0.3570439950710086,-0.1931908922137034,0.1638531028573052,,,,
user_0420,2,Endividados Severos,2368.862,5127.11374225797,Alimentacao_Fora,430.02795865606004,301.019571059242,Cortar refeições fora de casa,Vestuario,188.908,170.0172,Suspender compras de vestuário,471.036771059242,19.88451716728294,9.187172252039769,-1.0,-0.965533227008888,0.034466772991112005,,,,
user_0421,1,Em Alerta,2790.678,4315.53443450938,Alimentacao_Fora,243.218,145.93079999999998,Reduzir significativamente refeições fora,Lazer,232.27598709563296,116.13799354781648,Cortar gastos com lazer pela metade,318.06639354781646,11.397459454219243,7.370266611810189,-0.5464107412282535,-0.4324361466860611,0.11397459454219239,Vestuario,139.994,55.997600000000006,Reduzir gastos com vestuário
user_0422,3,Poupadores,6905.2871037447085,8005.103477532446,Transporte,1085.499994748708,162.8249992123062,Otimizar gastos com transporte,Telecomunicacoes,446.72561650185355,89.34512330037072,Revisar planos e assinaturas,252.17012251267693,3.6518412446012,3.1501169625156145,-0.1592716359601198,-0.12275322351410785,0.036518412446011964,,,,
user_0423,3,Poupadores,9228.699450683263,5776.171982582606,Transporte,623.3260615585593,93.49890923378389,Otimizar gastos com transporte,Telecomunicacoes,181.1069565302401,36.22139130604802,Revisar planos e assinaturas,129.7203005398319,1.4056184322941387,2.245783209554508,0.3741076937818192,0.3881638781047606,0.014056184322941423,,,,
user_0424,2,Endividados Severos,3956.972,8513.693481907132,Alimentacao_Fora,656.8538169024408,459.79767183170856,Cortar refeições fora de casa,Vestuario,298.66184722826625,268.7956625054396,Suspender compras de vestuário,728.5933343371482,18.412900933773305,8.557899528395257,-1.0,-0.9674387758038177,0.03256122419618235,,,,
user_0425,3,Poupadores,5750.963636118841,5009.891138810186,Transporte,455.1814159580117,68.27721239370176,Otimizar gastos com transporte,Telecomunicacoes,209.31727630604695,41.863455261209396,Revisar planos e assinaturas,110.14066765491116,1.9151689112268826,2.198464290005886,0.1288605778437478,0.1480122669560167,0.019151689112268916,,,,
user_0426,1,Em Alerta,1859.716,3347.6997600030363,Alimentacao_Fora,371.37685789656507,222.82611473793904,Reduzir significativamente refeições fora,Lazer,78.938783787684,39.469391893842,Cortar gastos com lazer pela metade,309.23710663178105,16.628189822090096,9.23730109630562,-0.80011343667691,-0.6338315384560091,0.1662818982209009,Vestuario,117.354,46.9416,Reduzir gastos com vestuário
user_0427,1,Em Alerta,3451.57,3941.3822211527577,Alimentacao_Fora,362.2868851941836,217.37213111651013,Reduzir significativamente refeições fora,Lazer,100.804,50.402,Cortar gastos com lazer pela metade,325.6487179970727,9.434799757706571,8.262297329332055,-0.1419099775327627,-0.04756197995569691,0.09434799757706577,Vestuario,144.68646720140634,57.87458688056254,Reduzir gastos com vestuário
user_0428,2,Endividados Severos,3633.18,5229.329126383597,Alimentacao_Fora,607.3738496114718,425.1616947280302,Cortar refeições fora de casa,Vestuario,132.76600000000002,119.48940000000002,Suspender compras de vestuário,544.6510947280302,14.99102975156833,10.41531488198162,-0.4393256393527424,-0.2894153418370593,0.14991029751568308,,,,
user_0429,0,Endividados Moderados,2547.6040000000003,4789.805352926568,Alimentacao_Fora,654.6065589093629,458.224591236554,Cortar drasticamente refeições fora,Vestuario,174.974,122.48179999999998,Cortar significativamente gastos com vestuário,580.7063912365539,22.79421728167148,12.123799370714359,-0.8801216173811031,-0.6521794445643883,0.2279421728167148,,,,
user_0430,3,Poupadores,7039.656933190442,4605.971439508309,Transporte,523.6191341370585,78.54287012055877,Otimizar gastos com transporte,Telecomunicacoes,149.69453115007633,29.938906230015267,Revisar planos e assinaturas,108.48177635057404,1.5410094182161946,2.3552420542615122,0.3457108090321615,0.36112090321432344,0.015410094182161937,,,,
user_0431,1,Em Alerta,2568.388,3141.8695993330366,Alimentacao_Fora,232.67086623978176,139.60251974386904,Reduzir significativamente refeições fora,Lazer,105.20899346990848,52.60449673495424,Cortar gastos com lazer pela metade,247.58759548822982,9.639805025106403,7.880263252834818,-0.2232846436492604,-0.1268865933981964,0.09639805025106399,Vestuario,138.45144752351638,55.38057900940655,Reduzir gastos com vestuário
user_0432,1,Em Alerta,3547.424,4470.19879538243,Alimentacao_Fora,341.77,205.06199999999998,Reduzir significativamente refeições fora,Lazer,126.88114340211777,63.440571701058886,Cortar gastos com lazer pela metade,372.84406672824457,10.510276378810218,8.34065963941873,-0.2601253178031242,-0.15502255401502202,0.10510276378810218,Vestuario,260.85373756796423,104.3414950271857,Reduzir gastos com vestuário
user_0433,2,Endividados Severos,3904.476,8260.80363762347,Alimentacao_Fora,527.988,369.5916,Cortar refeições fora de casa,Vestuario,280.625110969483,252.5625998725347,Suspender compras de vestuário,622.1541998725347,15.93438402163401,7.531400420159613,-1.0,-0.9563827355452909,0.04361726445470915,,,,
user_0434,0,Endividados Moderados,2435.206,3313.472167723562,Alimentacao_Fora,373.2650930010551,261.28556510073855,Cortar drasticamente refeições fora,Vestuario,114.84200000000001,80.38940000000001,Cortar significativamente gastos com vestuário,341.6749651007386,14.030639095860414,10.311689605513656,-0.3606537466331644,-0.22034735567456035,0.14030639095860406,,,,
user_0435,3,Poupadores,4721.128284973133,3689.8921729820495,Transporte,413.6624765484209,62.04937148226313,Otimizar gastos com transporte,Telecomunicacoes,97.8547842487412,19.570956849748242,Revisar planos e assinaturas,81.62032833201138,1.7288309786412819,2.2119976548270923,0.2184300128580283,0.2357183226444414,0.017288309786413103,,,,
user_0436,1,Em Alerta,2661.1800000000003,3926.07767087701,Alimentacao_Fora,410.1788438226123,246.10730629356738,Reduzir significativamente refeições fora,Lazer,72.498,36.249,Cortar gastos com lazer pela metade,334.96258296243354,12.586994602485872,8.531736023643397,-0.4753145863402737,-0.34944464031541494,0.12586994602485874,Vestuario,131.51569167216542,52.60627666886617,Reduzir gastos com vestuário
user_0437,0,Endividados Moderados,3326.688000000001,3872.905206066995,Alimentacao_Fora,434.6780702701055,304.27464918907384,Cortar drasticamente refeições fora,Vestuario,159.3094193953411,111.51659357673877,Cortar significativamente gastos com vestuário,415.7912427658126,12.498654600786503,10.735900329149963,-0.1641924959800842,-0.039205949972219045,0.12498654600786516,,,,
user_0438,1,Em Alerta,2184.166,4158.0995373037695,Alimentacao_Fora,436.35805868810473,261.8148352128628,Reduzir significativamente refeições fora,Lazer,129.72649078217768,64.86324539108884,Cortar gastos com lazer pela metade,372.5772806039517,17.058102754275623,8.960278061201523,-0.9037470308134864,-0.7331660032707301,0.17058102754275628,Vestuario,114.748,45.89920000000001,Reduzir gastos com vestuário
user_0439,3,Poupadores,8464.738058318298,4225.193249491289,Transporte,422.09052626321807,63.31357893948271,Otimizar gastos com transporte,Telecomunicacoes,162.7966510108062,32.55933020216124,Revisar planos e assinaturas,95.87290914164396,1.1326151911745177,2.2690774949332084,0.5008477261338062,0.5121738780455514,0.01132615191174513,,,,
user_0440,1,Em Alerta,4498.294,4504.176125873105,Alimentacao_Fora,317.98916494158146,190.79349896494887,Reduzir significativamente refeições fora,Lazer,112.12,56.06,Cortar gastos com lazer pela metade,317.8214989649489,7.065378540507777,7.056151670875021,-0.0013076348218024,0.06934615058327533,0.07065378540507773,Vestuario,177.42000000000002,70.968,Reduzir gastos com vestuário
user_0441,1,Em Alerta,2579.472,4042.717192979509,Alimentacao_Fora,421.4396544993339,252.86379269960034,Reduzir significativamente refeições fora,Lazer,121.848,60.924,Cortar gastos com lazer pela metade,374.85259269960034,14.532144279899153,9.272293232644639,-0.5672653911263656,-0.42194394832737414,0.1453214427989915,Vestuario,152.66199999999998,61.06479999999999,Reduzir gastos com vestuário
user_0442,2,Endividados Severos,2537.35,4680.88164182416,Alimentacao_Fora,393.20111156109294,275.240778092765,Cortar refeições fora de casa,Vestuario,212.06571595384827,190.85914435846345,Suspender compras de vestuário,466.0999224512285,18.36955573536282,9.957524204128077,-0.8447914721359527,-0.6610959147823249,0.18369555735362786,,,,
user_0443,3,Poupadores,9106.039456624105,6768.885572390781,Transporte,1018.3065810735819,152.74598716103728,Otimizar gastos com transporte,Telecomunicacoes,210.08022933467032,42.016045866934064,Revisar planos e assinaturas,194.76203302797134,2.138822634754712,2.877313125551642,0.2566597581051752,0.27804798445272233,0.021388226347547112,,,,
user_0444,1,Em Alerta,3031.35,4955.333202008344,Alimentacao_Fora,319.02200000000005,191.41320000000002,Reduzir significativamente refeições fora,Lazer,145.466,72.733,Cortar gastos com lazer pela metade,350.57555261172956,11.56499752954062,7.074711998572466,-0.6346951694816975,-0.5190451941862916,0.11564997529540588,Vestuario,216.07338152932385,86.42935261172954,Reduzir gastos com vestuário
user_0445,1,Em Alerta,3283.226,3680.218172736012,Alimentacao_Fora,239.206,143.5236,Reduzir significativamente refeições fora,Lazer,92.58200000000001,46.291000000000004,Cortar gastos com lazer pela metade,236.68179999999998,7.208818399951753,6.431189372233383,-0.1209152744087711,-0.04882709040925358,0.07208818399951752,Vestuario,117.168,46.867200000000004,Reduzir gastos com vestuário
user_0446,1,Em Alerta,1725.19,2324.6630987960707,Alimentacao_Fora,229.01750435942358,137.41050261565414,Reduzir significativamente refeições fora,Lazer,66.32813120051017,33.164065600255086,Cortar gastos com lazer pela metade,206.62107314847918,11.976714051697448,8.888215813099414,-0.3474823635634745,-0.22771522304650008,0.11976714051697443,Vestuario,90.11626233142489,36.04650493256996,Reduzir gastos com vestuário
user_0447,1,Em Alerta,3874.608,4573.614405326931,Alimentacao_Fora,466.9599456849596,280.1759674109758,Reduzir significativamente refeições fora,Lazer,100.03200000000001,50.016000000000005,Cortar gastos com lazer pela metade,425.04852719436155,10.97010400005269,9.293492837946802,-0.1804069999666884,-0.07070595996616151,0.1097010400005269,Vestuario,237.14139945846438,94.85655978338576,Reduzir gastos com vestuário
user_0448,3,Poupadores,6850.817860001606,4302.8790459296415,Transporte,439.1498822106361,65.87248233159542,Otimizar gastos com transporte,Telecomunicacoes,189.41770494811666,37.883540989623334,Revisar planos e assinaturas,103.75602332121875,1.5145056465009334,2.411316288785016,0.3719174653508256,0.387062521815835,0.01514505646500941,,,,
user_0449,2,Endividados Severos,3649.62,6063.739731978055,Alimentacao_Fora,541.8946511098184,379.3262557768728,Cortar refeições fora de casa,Vestuario,490.7924786118795,441.7132307506916,Suspender compras de vestuário,821.0394865275643,22.496574616742684,13.540150514668161,-0.6614715318246982,-0.43650578565727133,0.22496574616742687,,,,
user_0450,1,Em Alerta,2709.282,4571.391513848849,Alimentacao_Fora,352.296,211.3776,Reduzir significativamente refeições fora,Lazer,155.28772838931985,77.64386419465993,Cortar gastos com lazer pela metade,359.23426419465994,13.259389911964126,7.858313231460793,-0.687307380275973,-0.5547134811563318,0.13259389911964126,Vestuario,175.53199999999998,70.2128,Reduzir gastos com vestuário
user_0451,2,Endividados Severos,3375.654,5794.045496420802,Alimentacao_Fora,450.2437941904137,315.1706559332896,Cortar refeições fora de casa,Vestuario,345.55028049406036,310.99525244465434,Suspender compras de vestuário,626.1659083779439,18.549469476964873,10.807058880789768,-0.7164216167950869,-0.5309269220254381,0.18549469476964875,,,,
user_0452,0,Endividados Moderados,2564.192,3207.125519526804,Alimentacao_Fora,234.57399999999998,164.2018,Cortar drasticamente refeições fora,Vestuario,129.45999999999998,90.62199999999999,Cortar significativamente gastos com vestuário,254.82379999999998,9.937781570178831,7.945551193693161,-0.2507353269672487,-0.15135751126546063,0.09937781570178808,,,,
user_0453,0,Endividados Moderados,4432.112,4156.3916702226,Alimentacao_Fora,424.802,297.3614,Cortar drasticamente refeições fora,Vestuario,219.06352315126014,153.3444662058821,Cortar significativamente gastos com vestuário,450.7058662058821,10.16909920610946,10.843681297767208,0.0622096936578769,0.16390068571897157,0.10169099206109466,,,,
user_0454,0,Endividados Moderados,2293.194,3623.274869505879,Alimentacao_Fora,446.83380891841136,312.78366624288793,Cortar drasticamente refeições fora,Vestuario,198.57730301423248,139.00411210996273,Cortar significativamente gastos com vestuário,451.78777835285064,19.70124543989085,12.46904512145011,-0.5800123624542359,-0.38299990805532735,0.19701245439890858,,,,
user_0455,1,Em Alerta,1645.0099999999998,2500.8543118856105,Alimentacao_Fora,224.83946688145357,134.90368012887214,Reduzir significativamente refeições fora,Lazer,67.536,33.768,Cortar gastos com lazer pela metade,209.94528012887213,12.762553426962278,8.394942445510798,-0.5202669356937714,-0.3926414014241486,0.12762553426962275,Vestuario,103.184,41.2736,Reduzir gastos com vestuário
user_0456,1,Em Alerta,2725.514,4227.157288655118,Alimentacao_Fora,319.96,191.97599999999997,Reduzir significativamente refeições fora,Lazer,162.87368078169135,81.43684039084567,Cortar gastos com lazer pela metade,355.5837441842444,13.046483862649186,8.411888176921241,-0.5509578335151158,-0.42049299488862396,0.13046483862649189,Vestuario,205.42725948349684,82.17090379339874,Reduzir gastos com vestuário
user_0457,2,Endividados Severos,2708.674,6091.756491745311,Alimentacao_Fora,407.408,285.18559999999997,Cortar refeições fora de casa,Vestuario,331.43541049293026,298.29186944363727,Suspender compras de vestuário,583.4774694436372,21.54107395144773,9.57814827684402,-1.0,-1.0335703086830212,-0.033570308683021244,,,,
user_0458,2,Endividados Severos,3214.846,5145.72232118033,Alimentacao_Fora,307.294,215.1058,Cortar refeições fora de casa,Vestuario,176.91445916426937,159.22301324784243,Suspender compras de vestuário,374.3288132478424,11.643755665056503,7.274563023097183,-0.6006123842884947,-0.48417482763792974,0.11643755665056499,,,,
user_0459,1,Em Alerta,4811.113980755189,3918.723210359928,Alimentacao_Fora,391.5717804702084,234.94306828212504,Reduzir significativamente refeições fora,Lazer,169.20499325553345,84.60249662776673,Cortar gastos com lazer pela metade,373.98396490989177,7.773334126064259,9.543515702287685,0.1854852688930027,0.2632186101536453,0.07773334126064257,Vestuario,136.096,54.4384,Reduzir gastos com vestuário
user_0460,1,Em Alerta,2253.114,3536.4633120480853,Alimentacao_Fora,231.958,139.1748,Reduzir significativamente refeições fora,Lazer,91.134,45.567,Cortar gastos com lazer pela metade,255.34625671155908,11.333037596480208,7.220384722828623,-0.5695891606230689,-0.4562587846582668,0.11333037596480205,Vestuario,176.5111417788977,70.60445671155908,Reduzir gastos com vestuário
user_0461,1,Em Alerta,2163.698,3290.6846513850905,Alimentacao_Fora,242.4,145.44,Reduzir significativamente refeições fora,Lazer,115.89000000000001,57.94500000000001,Cortar gastos com lazer pela metade,255.72899999999998,11.819070868485342,7.771300719817089,-0.5208613454304116,-0.40267063674555814,0.11819070868485348,Vestuario,130.85999999999999,52.343999999999994,Reduzir gastos com vestuário
user_0462,1,Em Alerta,2475.828,3795.80956527899,Alimentacao_Fora,283.526,170.1156,Reduzir significativamente refeições fora,Lazer,134.60399999999998,67.30199999999999,Cortar gastos com lazer pela metade,295.02353559064846,11.916156356202793,7.772348178087918,-0.5331475228808261,-0.41398595931879817,0.11916156356202795,Vestuario,144.01483897662118,57.60593559064847,Reduzir gastos com vestuário
user_0463,1,Em Alerta,2382.896,3192.131087576634,Alimentacao_Fora,253.63675559516236,152.1820533570974,Reduzir significativamente refeições fora,Lazer,116.67950331999168,58.33975165999584,Cortar gastos com lazer pela metade,275.8706567808582,11.577116952685227,8.64220952123525,-0.3396015132748698,-0.22383034374801733,0.11577116952685249,Vestuario,163.37212940941248,65.348851763765,Reduzir gastos com vestuário
user_0464,1,Em Alerta,3728.856,4642.700554125688,Alimentacao_Fora,409.6018722021598,245.76112332129588,Reduzir significativamente refeições fora,Lazer,129.7235714486691,64.86178572433455,Cortar gastos com lazer pela metade,395.28279065171273,10.600645094680853,8.514070335646542,-0.2450737046766321,-0.13906725372982348,0.1060064509468086,Vestuario,211.64970401520577,84.65988160608231,Reduzir gastos com vestuário
user_0465,3,Poupadores,6935.953026972277,3474.5148933066725,Transporte,328.42705216377345,49.26405782456602,Otimizar gastos com transporte,Telecomunicacoes,102.02654096455224,20.40530819291045,Revisar planos e assinaturas,69.66936601747646,1.004467096973535,2.00515375978638,0.4990573206313382,0.5091019916010736,0.010044670969735436,,,,
user_0466,1,Em Alerta,2493.892,3146.3488329164256,Alimentacao_Fora,202.568,121.5408,Reduzir significativamente refeições fora,Lazer,78.694,39.347,Cortar gastos com lazer pela metade,204.40460000000002,8.1962089777745,6.496565093532001,-0.2616219278607196,-0.17965983808297464,0.08196208977774494,Vestuario,108.792,43.5168,Reduzir gastos com vestuário
user_0467,0,Endividados Moderados,3535.324,3818.190483559848,Alimentacao_Fora,298.302,208.8114,Cortar drasticamente refeições fora,Vestuario,338.0185720129792,236.6130004090854,Cortar significativamente gastos com vestuário,445.42440040908537,12.599252583612856,11.665850677879193,-0.0800114737884982,0.04598105204763056,0.12599252583612874,,,,
user_0468,1,Em Alerta,3568.223295927457,3761.895895435418,Alimentacao_Fora,245.89000000000001,147.534,Reduzir significativamente refeições fora,Lazer,101.922,50.961,Cortar gastos com lazer pela metade,250.9638,7.033298624736689,6.6712053436808985,-0.0542770402651106,0.016055945982256088,0.07033298624736668,Vestuario,131.172,52.4688,Reduzir gastos com vestuário
user_0469,1,Em Alerta,2406.976,3666.87343140398,Alimentacao_Fora,194.39000000000001,116.634,Reduzir significativamente refeições fora,Lazer,144.50279356458617,72.25139678229309,Cortar gastos com lazer pela metade,274.55960546318994,11.40682771507443,7.487567013134293,-0.5234358096648991,-0.4093675325141546,0.11406827715074452,Vestuario,214.1855217022421,85.67420868089685,Reduzir gastos com vestuário
user_0470,1,Em Alerta,2360.3,4491.598718679974,Alimentacao_Fora,351.098,210.6588,Reduzir significativamente refeições fora,Lazer,114.096,57.048,Cortar gastos com lazer pela metade,336.08520000000004,14.239088251493454,7.482529518994328,-0.9029778920815038,-0.7605870095665693,0.14239088251493448,Vestuario,170.946,68.3784,Reduzir gastos com vestuário
user_0471,2,Endividados Severos,3127.37,5447.530176868841,Alimentacao_Fora,711.6682926610462,498.1678048627323,Cortar refeições fora de casa,Vestuario,181.622,163.45980000000003,Suspender compras de vestuário,661.6276048627324,21.156038615921123,12.145460114606028,-0.7418886082775117,-0.5303282221183004,0.21156038615921124,,,,
user_0472,2,Endividados Severos,3603.216,5910.798709931275,Alimentacao_Fora,419.15599999999995,293.40919999999994,Cortar refeições fora de casa,Vestuario,251.01382064017292,225.91243857615564,Suspender compras de vestuário,519.3216385761556,14.412725703264961,8.785980779612672,-0.6404230859130494,-0.4962958288804,0.1441272570326494,,,,
user_0473,1,Em Alerta,5390.729176896302,3587.309867644418,Alimentacao_Fora,315.72841568937076,189.43704941362245,Reduzir significativamente refeições fora,Lazer,86.66,43.33,Cortar gastos com lazer pela metade,284.66437364788084,5.280628358551219,7.9353159930620585,0.3345408849290771,0.38734716851458934,0.05280628358551226,Vestuario,129.74331058564604,51.89732423425842,Reduzir gastos com vestuário
user_0474,1,Em Alerta,4979.036575657656,2499.3156678845808,Alimentacao_Fora,201.632,120.97919999999999,Reduzir significativamente refeições fora,Lazer,104.82027838418837,52.410139192094185,Cortar gastos com lazer pela metade,233.2602973079084,4.684848037636643,9.332966631835655,0.4980322739335453,0.5448807543099117,0.04684848037636635,Vestuario,149.67739528953547,59.87095811581419,Reduzir gastos com vestuário
user_0475,1,Em Alerta,5091.220998527085,4688.805534926212,Alimentacao_Fora,342.772,205.6632,Reduzir significativamente refeições fora,Lazer,95.926,47.963,Cortar gastos com lazer pela metade,315.3286,6.193575177569902,6.725137087711665,0.0790410519828727,0.14097680375857174,0.061935751775699044,Vestuario,154.256,61.702400000000004,Reduzir gastos com vestuário
user_0476,1,Em Alerta,3201.3920000000003,3491.417825924552,Alimentacao_Fora,272.668,163.6008,Reduzir significativamente refeições fora,Lazer,112.55799999999999,56.278999999999996,Cortar gastos com lazer pela metade,275.1366,8.594280238096427,7.880368770447631,-0.0905936623582965,-0.004650859977332225,0.08594280238096427,Vestuario,138.142,55.2568,Reduzir gastos com vestuário
user_0477,2,Endividados Severos,3845.15,10418.195207329129,Alimentacao_Fora,1485.6522403306074,1039.956568231425,Cortar refeições fora de casa,Vestuario,307.11199999999997,276.4008,Suspender compras de vestuário,1316.357368231425,34.234226707187624,12.635176650418076,-1.0,-1.3670956501300868,-0.3670956501300868,,,,
user_0478,0,Endividados Moderados,3058.004,4044.950603505728,Alimentacao_Fora,568.5764673390267,398.0035271373187,Cortar drasticamente refeições fora,Vestuario,215.27855677786746,150.6949897445072,Cortar significativamente gastos com vestuário,548.698516881826,17.943028095510208,13.565023919112217,-0.3227420904307932,-0.14331180947569136,0.17943028095510186,,,,
user_0479,1,Em Alerta,2618.882,3599.511482262192,Alimentacao_Fora,211.358,126.81479999999999,Reduzir significativamente refeições fora,Lazer,78.896,39.448,Cortar gastos com lazer pela metade,216.0428,8.24942857295594,6.002003356972851,-0.3744458445482431,-0.2919515588186838,0.0824942857295593,Vestuario,124.45,49.78,Reduzir gastos com vestuário
user_0480,1,Em Alerta,2119.966,3517.51299855691,Alimentacao_Fora,287.704,172.6224,Reduzir significativamente refeições fora,Lazer,82.96600000000001,41.483000000000004,Cortar gastos com lazer pela metade,277.16791402063706,13.074167888571658,7.879655715113137,-0.6592308549084798,-0.5284891760227632,0.13074167888571653,Vestuario,157.65628505159265,63.06251402063706,Reduzir gastos com vestuário
user_0481,1,Em Alerta,3371.4620000000004,4924.587776922898,Alimentacao_Fora,374.242,224.5452,Reduzir significativamente refeições fora,Lazer,166.488,83.244,Cortar gastos com lazer pela metade,391.1508,11.60181547352454,7.942813037732235,-0.460668332291124,-0.3446501775558786,0.1160181547352454,Vestuario,208.404,83.36160000000001,Reduzir gastos com vestuário
user_0482,1,Em Alerta,3416.442,4706.547809940377,Alimentacao_Fora,303.076,181.84560000000002,Reduzir significativamente refeições fora,Lazer,127.378,63.689,Cortar gastos com lazer pela metade,304.185,8.903561073186667,6.463017317226688,-0.3776167749782894,-0.2885811642464228,0.08903561073186655,Vestuario,146.626,58.650400000000005,Reduzir gastos com vestuário
user_0483,0,Endividados Moderados,4001.618,5186.332834427288,Alimentacao_Fora,552.1342120383579,386.49394842685047,Cortar drasticamente refeições fora,Vestuario,180.0423245041431,126.02962715290016,Cortar significativamente gastos com vestuário,512.5235755797506,12.807908590468923,9.882195993623444,-0.2960589527604303,-0.16797986685574115,0.12807908590468917,,,,
user_0484,1,Em Alerta,2449.404,3625.6304358435655,Alimentacao_Fora,306.3959380915558,183.83756285493348,Reduzir significativamente refeições fora,Lazer,102.0959947744684,51.0479973872342,Cortar gastos com lazer pela metade,280.10797220782166,11.435760381211987,7.725772859766103,-0.4802092410413168,-0.36585163722919695,0.11435760381211985,Vestuario,113.05602991413491,45.22241196565397,Reduzir gastos com vestuário
user_0485,1,Em Alerta,2690.778,4731.145327775019,Alimentacao_Fora,383.0448264470541,229.82689586823247,Reduzir significativamente refeições fora,Lazer,139.598,69.799,Cortar gastos com lazer pela metade,365.0410958682325,13.566377303078609,7.715702447887083,-0.7582815556597456,-0.6226177826289596,0.13566377303078603,Vestuario,163.538,65.41520000000001,Reduzir gastos com vestuário
user_0486,1,Em Alerta,4066.166,4116.745752793166,Alimentacao_Fora,340.60388610545704,204.3623316632742,Reduzir significativamente refeições fora,Lazer,153.65634310127297,76.82817155063648,Cortar gastos com lazer pela metade,347.36634184980625,8.542847041901542,8.437886687904447,-0.012439175575509,0.07298929484350634,0.08542847041901534,Vestuario,165.43959658973884,66.17583863589554,Reduzir gastos com vestuário
user_0487,3,Poupadores,8227.756909648077,8461.60757187583,Transporte,836.2182331538754,125.43273497308131,Otimizar gastos com transporte,Telecomunicacoes,340.9122072501774,68.18244145003548,Revisar planos e assinaturas,193.6151764231168,2.353195148438072,2.2881606689802423,-0.028422164727975,-0.004890213243594353,0.023531951484380646,,,,
user_0488,1,Em Alerta,4084.439675587154,3495.520591001748,Alimentacao_Fora,289.12088300261047,173.47252980156628,Reduzir significativamente refeições fora,Lazer,99.21000000000001,49.605000000000004,Cortar gastos com lazer pela metade,273.4584383710082,6.695127363625403,7.8231104996191805,0.1441860160416609,0.211137289677915,0.06695127363625411,Vestuario,125.95227142360469,50.38090856944188,Reduzir gastos com vestuário
user_0489,0,Endividados Moderados,2287.31,2823.444627086911,Alimentacao_Fora,198.136,138.6952,Cortar drasticamente refeições fora,Vestuario,92.876,65.0132,Cortar significativamente gastos com vestuário,203.70839999999998,8.906024981309923,7.214889148018323,-0.2343952621581295,-0.1453350123450303,0.08906024981309921,,,,
user_0490,2,Endividados Severos,3245.39,6185.6232052904,Alimentacao_Fora,439.88599999999997,307.92019999999997,Cortar refeições fora de casa,Vestuario,220.17199999999997,198.15479999999997,Suspender compras de vestuário,506.07499999999993,15.59365746489636,8.181471505848714,-0.905972226848052,-0.7500356521990886,0.15593657464896338,,,,
user_0491,2,Endividados Severos,3219.1,6596.447488692023,Alimentacao_Fora,386.608,270.62559999999996,Cortar refeições fora de casa,Vestuario,214.89000000000001,193.401,Suspender compras de vestuário,464.0266,14.414792954552514,7.034492441506717,-1.0,-0.9050109933497013,0.09498900665029875,,,,
user_0492,0,Endividados Moderados,4253.212,5033.271016156337,Alimentacao_Fora,896.2209881410765,627.3546916987535,Cortar drasticamente refeições fora,Vestuario,171.31,119.91699999999999,Cortar significativamente gastos com vestuário,747.2716916987536,17.56958486195265,14.846641265691437,-0.183404687129712,-0.007708838510185544,0.17569584861952645,,,,
user_0493,0,Endividados Moderados,3816.006,4294.996124930158,Alimentacao_Fora,460.34239649180455,322.23967754426315,Cortar drasticamente refeições fora,Vestuario,165.224,115.65679999999999,Cortar significativamente gastos com vestuário,437.8964775442631,11.475256525913826,10.19550343718608,-0.1255213238475405,-0.010768758588402316,0.11475256525913818,,,,
user_0494,3,Poupadores,5301.607926810877,4644.838561483181,Transporte,493.5342080553977,74.03013120830965,Otimizar gastos com transporte,Telecomunicacoes,154.12210518004642,30.824421036009284,Revisar planos e assinaturas,104.85455224431894,1.977787752165842,2.257442338552171,0.1238811648078185,0.143659042329477,0.019777877521658493,,,,
user_0495,3,Poupadores,7204.038686895445,4317.88435815709,Transporte,468.2296323872206,70.23444485808308,Otimizar gastos com transporte,Telecomunicacoes,128.93623487832102,25.787246975664203,Revisar planos e assinaturas,96.02169183374728,1.3328869542082857,2.2238134203929945,0.4006300429769253,0.4139589125190082,0.0133288695420829,,,,
user_0496,2,Endividados Severos,3514.7940000000003,4873.454836034161,Alimentacao_Fora,268.29,187.803,Cortar refeições fora de casa,Vestuario,146.92429426425673,132.23186483783107,Suspender compras de vestuário,320.03486483783104,9.105366198924632,6.5668991630229945,-0.3865548979639094,-0.2955012359746631,0.0910536619892463,,,,
user_0497,2,Endividados Severos,4404.278,7307.122715117291,Alimentacao_Fora,560.684,392.4788,Cortar refeições fora de casa,Vestuario,319.77140642096595,287.7942657788694,Suspender compras de vestuário,680.2730657788693,15.445734029025171,9.309725487044181,-0.6590966135918964,-0.5046392733016447,0.1544573402902517,,,,
user_0498,1,Em Alerta,3093.28,4745.225769525166,Alimentacao_Fora,331.77,199.06199999999998,Reduzir significativamente refeições fora,Lazer,136.40343049227948,68.20171524613974,Cortar gastos com lazer pela metade,351.8158025804628,11.373551782588798,7.414100396231885,-0.5340434003792628,-0.4203078825533746,0.1137355178258882,Vestuario,211.38021833580757,84.55208733432303,Reduzir gastos com vestuário
user_0499,1,Em Alerta,2079.744,2351.3739573029684,Alimentacao_Fora,174.18800000000002,104.51280000000001,Reduzir significativamente refeições fora,Lazer,103.30110158944441,51.65055079472221,Cortar gastos com lazer pela metade,204.5129414630767,9.83356323966203,8.697593201961526,-0.1306074003833975,-0.03227176798677701,0.09833563239662049,Vestuario,120.87397667088615,48.349590668354466,Reduzir gastos com vestuário
user_0500,3,Poupadores,5677.188150936136,2985.3342723931214,Transporte,357.5201154485704,53.628017317285554,Otimizar gastos com transporte,Telecomunicacoes,87.4659075468155,17.4931815093631,Revisar planos e assinaturas,71.12119882664865,1.2527539502970528,2.382352940651971,0.4741526627225034,0.4866802022254739,0.01252753950297053,,,,
